cohort,outcome,comparison,delta_spearman,spearman_2_5,spearman_97_5,P_delta_spearman_gt0,delta_pearson,pearson_2_5,pearson_97_5,P_delta_pearson_gt0,classification
PL1516,Y10_NET_XG,B6_vs_B2_XR,-0.31235009133053054,-0.6465199292878188,-0.047062779823592076,0.0079,-0.33642063541120926,-0.5827812722005687,-0.13721956479843775,0.0,BASELINE_CLEARLY_BETTER
PL1516,Y10_NET_XG,B6_vs_B3_SUCCESS_ONLY,0.25827511714523055,0.04833269007525368,0.4942042346890305,0.9916,0.2584363279866887,0.09561580769191294,0.4401140838603102,0.9993,FULL_CLEARLY_BETTER
PL1516,Y10_NET_XG,B6_vs_B4_FIXED_FAILURE,0.0004632075488557449,-0.04778919160339434,0.04394283942982025,0.5355,-0.022593286785619525,-0.05100333567642886,0.000523432222751666,0.0288,NO_CLEAR_DIFFERENCE
PL1516,Y10_NET_XG,B6_vs_B5_COARSE_ORIGIN_FAILURE,-0.011001024760446848,-0.055791429388369916,0.0,0.0,-0.018822259561258277,-0.036959325983469495,-0.004516885414376438,0.0023,NO_CLEAR_DIFFERENCE
PL1516,Y10_NET_XG,B6_vs_B0,-0.8153871204335416,-1.2328851281036526,-0.34984975665407686,0.0001,-0.8574890535010717,-1.2258205239666975,-0.45619408694299546,0.0,BASELINE_CLEARLY_BETTER
PL1516,Y10_NET_XG,B6_vs_B1,-0.9601067492438022,-1.3437716251333343,-0.5216977897572505,0.0,-0.9773454414318988,-1.3176882265299832,-0.5893227291464841,0.0,BASELINE_CLEARLY_BETTER
PL1516,Y30_NET_XG,B6_vs_B2_XR,-0.3077473255594784,-0.6456964411013164,-0.0374662365486895,0.01,-0.3320216157733018,-0.5887024640206168,-0.12392532804811557,0.0002,BASELINE_CLEARLY_BETTER
PL1516,Y30_NET_XG,B6_vs_B3_SUCCESS_ONLY,0.2544281256585818,0.04197225103250321,0.4957608809585844,0.9909,0.2524270768187178,0.08752871858003546,0.43048119379263194,0.999,FULL_CLEARLY_BETTER
PL1516,Y30_NET_XG,B6_vs_B4_FIXED_FAILURE,0.00046382748257061746,-0.04957625723375645,0.04686480068623069,0.5269,-0.021540015989064493,-0.05112562659558186,0.002850241197417068,0.0469,NO_CLEAR_DIFFERENCE
PL1516,Y30_NET_XG,B6_vs_B5_COARSE_ORIGIN_FAILURE,-0.011792912118651784,-0.05902865329384289,0.0,0.0,-0.019395242360468547,-0.03775240296205319,-0.0047205974955050875,0.0017,NO_CLEAR_DIFFERENCE
PL1516,Y30_NET_XG,B6_vs_B0,-0.8090930746860782,-1.2236592184138007,-0.3614207992598706,0.0001,-0.8562062691589263,-1.2223334305234317,-0.46716263589263446,0.0,BASELINE_CLEARLY_BETTER
PL1516,Y30_NET_XG,B6_vs_B1,-0.9307610917733476,-1.3171728025723997,-0.4983184569675175,0.0,-0.9591520589334835,-1.3002156032486707,-0.5757088582416351,0.0,BASELINE_CLEARLY_BETTER
PL1516,YCYCLE_NET_XG,B6_vs_B2_XR,-0.33376875874157796,-0.6711357732734138,-0.07203378201042333,0.0025,-0.33568288322048623,-0.6047797605258609,-0.10852857675936509,0.0007,BASELINE_CLEARLY_BETTER
PL1516,YCYCLE_NET_XG,B6_vs_B3_SUCCESS_ONLY,0.26245200427734044,0.04701036558410376,0.5009075940926586,0.9918,0.26715329983387465,0.08568822114247325,0.4385798450810482,0.9969,FULL_CLEARLY_BETTER
PL1516,YCYCLE_NET_XG,B6_vs_B4_FIXED_FAILURE,-0.014750207189091912,-0.06319065691900973,0.010716677829872734,0.1612,-0.02800063103587529,-0.05927662444748491,-0.0010367851684896382,0.0204,NO_CLEAR_DIFFERENCE
PL1516,YCYCLE_NET_XG,B6_vs_B5_COARSE_ORIGIN_FAILURE,-0.014204197808888642,-0.0628906272541545,0.0,0.0,-0.019829918639727356,-0.038808724317025124,-0.003452793893768874,0.0049,NO_CLEAR_DIFFERENCE
PL1516,YCYCLE_NET_XG,B6_vs_B0,-0.846184830605418,-1.2399129658558357,-0.42345642897555863,0.0,-0.8479840359431197,-1.224598393554366,-0.43594987846478006,0.0001,BASELINE_CLEARLY_BETTER
PL1516,YCYCLE_NET_XG,B6_vs_B1,-0.8662035180944926,-1.276827849392436,-0.42240752695079464,0.0,-0.8912483683438688,-1.2550983124291302,-0.48431629894686684,0.0001,BASELINE_CLEARLY_BETTER
PL1516,YNEXTSHOT,B6_vs_B2_XR,-0.29930997883826477,-0.6168396954217665,-0.04872570007217368,0.0055,-0.3294401779382463,-0.5740371545619714,-0.12943545307476206,0.0003,BASELINE_CLEARLY_BETTER
PL1516,YNEXTSHOT,B6_vs_B3_SUCCESS_ONLY,0.29688232713882917,0.0736376208370715,0.5568511109520612,0.996,0.30001170995697857,0.11041974833599233,0.4990875797128078,0.9982,FULL_CLEARLY_BETTER
PL1516,YNEXTSHOT,B6_vs_B4_FIXED_FAILURE,-0.015051416710695048,-0.061174710806153,0.007602989847372331,0.1436,-0.027571251301266614,-0.056711560136979186,-0.004333378845260473,0.0076,NO_CLEAR_DIFFERENCE
PL1516,YNEXTSHOT,B6_vs_B5_COARSE_ORIGIN_FAILURE,-0.01265457509470441,-0.0571556150926546,0.0,0.0,-0.020623053299119523,-0.038936620531127696,-0.005999836382923254,0.0014,NO_CLEAR_DIFFERENCE
PL1516,YNEXTSHOT,B6_vs_B0,-0.7975411374665788,-1.2103549082771923,-0.34510465726578965,0.0001,-0.8153175912858344,-1.190969795840968,-0.4271136157130929,0.0,BASELINE_CLEARLY_BETTER
PL1516,YNEXTSHOT,B6_vs_B1,-0.8466406744250718,-1.2544197593884008,-0.4006051648689777,0.0001,-0.8820230621616288,-1.245994323095928,-0.49529751673862366,0.0,BASELINE_CLEARLY_BETTER
T2024,Y10_NET_XG,B6_vs_B2_XR,-0.40904850487311767,-0.7035368878331789,-0.13331546257124374,0.0024,-0.43658196084459266,-0.6767990909005198,-0.21709047978298848,0.0,BASELINE_CLEARLY_BETTER
T2024,Y10_NET_XG,B6_vs_B3_SUCCESS_ONLY,0.1807337084586699,0.03725218207796064,0.3251549768683515,0.9934,0.22674716593310973,0.08978153945874913,0.3755210487980661,0.9996,FULL_CLEARLY_BETTER
T2024,Y10_NET_XG,B6_vs_B4_FIXED_FAILURE,0.0026529324576735815,-0.012026740716643074,0.019939851254890877,0.5864,-0.007628445392577503,-0.014614012467262464,-0.0014167321900091022,0.0042,NO_CLEAR_DIFFERENCE
T2024,Y10_NET_XG,B6_vs_B5_COARSE_ORIGIN_FAILURE,0.011809737155490635,-0.0005642279480910228,0.03742712055670491,0.9092,-0.013181583534618044,-0.023641508879015217,-0.0033485958187849667,0.0035,NO_CLEAR_DIFFERENCE
T2024,Y10_NET_XG,B6_vs_B0,-0.7697012979276339,-1.130108409103707,-0.36779192664319427,0.0002,-0.8093685881641173,-1.13440192763856,-0.4286394032115716,0.0001,BASELINE_CLEARLY_BETTER
T2024,Y10_NET_XG,B6_vs_B1,-0.767110025531121,-1.126518700274098,-0.3719523509142399,0.0002,-0.8267190960984903,-1.149437008526443,-0.44586209999409027,0.0001,BASELINE_CLEARLY_BETTER
T2024,Y30_NET_XG,B6_vs_B2_XR,-0.4024328767695387,-0.6942659647161155,-0.13265430937147177,0.0018,-0.4249565289767206,-0.6760084964721701,-0.19726106881120745,0.0001,BASELINE_CLEARLY_BETTER
T2024,Y30_NET_XG,B6_vs_B3_SUCCESS_ONLY,0.16723234535132592,0.0240959322617785,0.3192259304111399,0.9879,0.2120586082025221,0.07673550158182361,0.3549458297072277,0.9997,FULL_CLEARLY_BETTER
T2024,Y30_NET_XG,B6_vs_B4_FIXED_FAILURE,-0.0007489053031589566,-0.025201666671613276,0.02088630371676498,0.4508,-0.006908814455754922,-0.013927735972377397,-0.0008749733237835882,0.0111,NO_CLEAR_DIFFERENCE
T2024,Y30_NET_XG,B6_vs_B5_COARSE_ORIGIN_FAILURE,0.01201091240131396,-0.00018812949898120703,0.03817583450869766,0.9122,-0.010184153433539329,-0.020631948739010947,-0.0004790701424545214,0.02,NO_CLEAR_DIFFERENCE
T2024,Y30_NET_XG,B6_vs_B0,-0.7901953735306977,-1.1530885671305002,-0.3819593267972976,0.0005,-0.8505030224354352,-1.1583163101747433,-0.47970954506185615,0.0002,BASELINE_CLEARLY_BETTER
T2024,Y30_NET_XG,B6_vs_B1,-0.7667489097948123,-1.1382977040054647,-0.36455990581794107,0.0004,-0.8485571932857742,-1.158940272533285,-0.47655559789804586,0.0002,BASELINE_CLEARLY_BETTER
T2024,YCYCLE_NET_XG,B6_vs_B2_XR,-0.39837206458248603,-0.6970849826301858,-0.10678737799431363,0.0032,-0.42336973449773724,-0.662149646206027,-0.18563146477484924,0.0003,BASELINE_CLEARLY_BETTER
T2024,YCYCLE_NET_XG,B6_vs_B3_SUCCESS_ONLY,0.17592365461952725,0.005821887524886099,0.3570186786157005,0.9787,0.22407295745404648,0.08194266505152274,0.38340216864324694,0.9992,FULL_CLEARLY_BETTER
T2024,YCYCLE_NET_XG,B6_vs_B4_FIXED_FAILURE,0.0010344662454119604,-0.011473821856783575,0.02032367331576966,0.4031,-0.003933028578483952,-0.010809968315080019,0.0021546018837243224,0.109,NO_CLEAR_DIFFERENCE
T2024,YCYCLE_NET_XG,B6_vs_B5_COARSE_ORIGIN_FAILURE,0.00397059199582263,-0.008663113861796459,0.02501687019318756,0.6167,-0.012915145891739366,-0.023098041421402624,-0.003808449654706098,0.002,NO_CLEAR_DIFFERENCE
T2024,YCYCLE_NET_XG,B6_vs_B0,-0.7323785983182737,-1.091292368814145,-0.3411633370190182,0.0002,-0.812052034352722,-1.1255996370061792,-0.42378444771199475,0.0,BASELINE_CLEARLY_BETTER
T2024,YCYCLE_NET_XG,B6_vs_B1,-0.721332236685936,-1.0802843648215865,-0.3346127341548253,0.0002,-0.8215495769273741,-1.1446521703659311,-0.4278871539120817,0.0,BASELINE_CLEARLY_BETTER
T2024,YNEXTSHOT,B6_vs_B2_XR,-0.4390583945483952,-0.7079038421596602,-0.2113959140178916,0.0001,-0.4355760187461005,-0.6646607516326131,-0.23886652751945908,0.0,BASELINE_CLEARLY_BETTER
T2024,YNEXTSHOT,B6_vs_B3_SUCCESS_ONLY,0.14576828055772303,-0.029551106261411036,0.33894492426877626,0.9461,0.19001098825118684,0.036259971272998175,0.35365746876999216,0.9937,NO_CLEAR_DIFFERENCE
T2024,YNEXTSHOT,B6_vs_B4_FIXED_FAILURE,0.002184646040737581,-0.014305916017009219,0.021996719311675916,0.5535,-0.0024585402665819015,-0.010187856475811753,0.003795148963659739,0.2485,NO_CLEAR_DIFFERENCE
T2024,YNEXTSHOT,B6_vs_B5_COARSE_ORIGIN_FAILURE,0.00867499018209814,-0.0009416240197596543,0.033876373197512966,0.8717,-0.012567035574668171,-0.023325914186770436,-0.0033438742887716673,0.0033,NO_CLEAR_DIFFERENCE
T2024,YNEXTSHOT,B6_vs_B0,-0.7686805619940531,-1.1181241196365808,-0.39187470712050554,0.0,-0.7912840114607191,-1.1061676215074903,-0.44252601635369715,0.0,BASELINE_CLEARLY_BETTER
T2024,YNEXTSHOT,B6_vs_B1,-0.7521611829959657,-1.1036780502403625,-0.3737051655601912,0.0,-0.7913929872176397,-1.1055059219546537,-0.44322641541674695,0.0,BASELINE_CLEARLY_BETTER
WC2018,Y10_NET_XG,B6_vs_B2_XR,0.007566042105647986,-0.1540467049421724,0.18215355191460356,0.5265,0.042787044472965094,-0.10804907656434086,0.19097881371794997,0.7172,NO_CLEAR_DIFFERENCE
WC2018,Y10_NET_XG,B6_vs_B3_SUCCESS_ONLY,0.0343113859067598,-0.17063283191380968,0.26289338035811166,0.608,-0.013514595090413266,-0.13907306547247517,0.14679337362599248,0.3955,NO_CLEAR_DIFFERENCE
WC2018,Y10_NET_XG,B6_vs_B4_FIXED_FAILURE,0.00826124919881841,-0.0378539041744183,0.05514705882352938,0.6622,-0.010218106972278622,-0.02231495734515181,0.00045059119716011264,0.0299,NO_CLEAR_DIFFERENCE
WC2018,Y10_NET_XG,B6_vs_B5_COARSE_ORIGIN_FAILURE,-0.004693804784465236,-0.045212277154934755,0.019121337821251097,0.2738,-0.01385468223391976,-0.03143785201147328,0.0010822441308710774,0.0376,NO_CLEAR_DIFFERENCE
WC2018,Y10_NET_XG,B6_vs_B0,-0.22311332132770964,-0.556987657857521,0.10304270218897123,0.0888,-0.20877152539344185,-0.5382033062461618,0.11653612738114491,0.1089,NO_CLEAR_DIFFERENCE
WC2018,Y10_NET_XG,B6_vs_B1,-0.22674699422116554,-0.5473134505009324,0.07459293266124828,0.0683,-0.22290010563344512,-0.5484255790650562,0.10012740712416186,0.0933,NO_CLEAR_DIFFERENCE
WC2018,Y30_NET_XG,B6_vs_B2_XR,0.003037821874976751,-0.15968101910331955,0.16982230685554459,0.5096,0.016117435021157433,-0.14716841380821014,0.17746211106337267,0.5813,NO_CLEAR_DIFFERENCE
WC2018,Y30_NET_XG,B6_vs_B3_SUCCESS_ONLY,0.04708736127777908,-0.16808426831043097,0.29638346380099556,0.6494,-0.007124210810948535,-0.1559235092656828,0.18802468639576864,0.4361,NO_CLEAR_DIFFERENCE
WC2018,Y30_NET_XG,B6_vs_B4_FIXED_FAILURE,0.006237094162104979,-0.034958923380594684,0.049788399468087774,0.6438,-0.009993626439383445,-0.022769349245277567,0.0019840337201569858,0.0525,NO_CLEAR_DIFFERENCE
WC2018,Y30_NET_XG,B6_vs_B5_COARSE_ORIGIN_FAILURE,-0.006086693575464926,-0.040869301214818694,0.008862711095856858,0.2381,-0.016940494424912418,-0.035684326930243794,-0.000650711897294338,0.0196,NO_CLEAR_DIFFERENCE
WC2018,Y30_NET_XG,B6_vs_B0,-0.23061003011016445,-0.5635396797107722,0.0912507189432138,0.0796,-0.3007995629013619,-0.6278850549362879,0.051003236149554335,0.0475,NO_CLEAR_DIFFERENCE
WC2018,Y30_NET_XG,B6_vs_B1,-0.23840047677993995,-0.5586781813758711,0.06785115196341747,0.0638,-0.32052084701922906,-0.6468912708091726,0.030200216680111795,0.0368,NO_CLEAR_DIFFERENCE
WC2018,YCYCLE_NET_XG,B6_vs_B2_XR,0.08164939401404273,-0.04834490103683454,0.23992713708333346,0.8778,0.09475716387652296,-0.03472948316709241,0.22897508826163512,0.9246,NO_CLEAR_DIFFERENCE
WC2018,YCYCLE_NET_XG,B6_vs_B3_SUCCESS_ONLY,-0.04039240404578264,-0.22947302256324298,0.17587651431472426,0.332,-0.030447622540613794,-0.16629285949728298,0.1321332031323066,0.3244,NO_CLEAR_DIFFERENCE
WC2018,YCYCLE_NET_XG,B6_vs_B4_FIXED_FAILURE,-0.01013657854017205,-0.053265400447676775,0.026540986527417897,0.2145,-0.002794739038920258,-0.016283210533736332,0.008737666538771616,0.3407,NO_CLEAR_DIFFERENCE
WC2018,YCYCLE_NET_XG,B6_vs_B5_COARSE_ORIGIN_FAILURE,-0.012222627893069856,-0.05186803187833978,0.0,0.0,-0.00787465615679813,-0.02199670924912428,0.0032935559770680446,0.1037,NO_CLEAR_DIFFERENCE
WC2018,YCYCLE_NET_XG,B6_vs_B0,0.09796242004072085,-0.20714584498089902,0.4187346384708106,0.7294,0.0877216001875866,-0.23241848078960242,0.39442194358057286,0.7173,NO_CLEAR_DIFFERENCE
WC2018,YCYCLE_NET_XG,B6_vs_B1,0.06928058463592322,-0.21260407433738146,0.35423957209960183,0.6901,0.08180962254611364,-0.22874401077077572,0.3805841990650302,0.7117,NO_CLEAR_DIFFERENCE
WC2018,YNEXTSHOT,B6_vs_B2_XR,-0.0007532810812228189,-0.14838097826145769,0.15461600659472866,0.4837,0.004336290310473248,-0.1459027256630844,0.1381677298754526,0.537,NO_CLEAR_DIFFERENCE
WC2018,YNEXTSHOT,B6_vs_B3_SUCCESS_ONLY,0.05133187998482465,-0.13130008326698928,0.29217220351979745,0.662,0.05354352836152318,-0.09289380427548986,0.2543237146083289,0.7039,NO_CLEAR_DIFFERENCE
WC2018,YNEXTSHOT,B6_vs_B4_FIXED_FAILURE,-0.009830312107082887,-0.04817947774917247,0.016581611132820775,0.1927,-8.967782351848958e-05,-0.012992949197770786,0.009189628187483078,0.5395,NO_CLEAR_DIFFERENCE
WC2018,YNEXTSHOT,B6_vs_B5_COARSE_ORIGIN_FAILURE,-0.009173740879388196,-0.04299159031837978,0.0,0.0,-0.007120445940676584,-0.0266747302840023,0.007608225744592992,0.213,NO_CLEAR_DIFFERENCE
WC2018,YNEXTSHOT,B6_vs_B0,-0.11022393077625996,-0.46179704227143437,0.23138253494430544,0.27,-0.07607330916498228,-0.5044801380554338,0.2811615245059438,0.3798,NO_CLEAR_DIFFERENCE
WC2018,YNEXTSHOT,B6_vs_B1,-0.14155093689957168,-0.4596365546091448,0.1599476538957893,0.1832,-0.09200853491304681,-0.5200565594264868,0.2622106273049664,0.3501,NO_CLEAR_DIFFERENCE
WC2022,Y10_NET_XG,B6_vs_B2_XR,0.09600252120536543,-0.0860973534309222,0.2941406611087627,0.8422,0.05197338649846065,-0.06497487536106583,0.19657725312922497,0.7773,NO_CLEAR_DIFFERENCE
WC2022,Y10_NET_XG,B6_vs_B3_SUCCESS_ONLY,-0.04921592244151758,-0.2538321727984496,0.12908171086923195,0.3111,-0.03952098408136969,-0.17289564498787868,0.08404258303656964,0.275,NO_CLEAR_DIFFERENCE
WC2022,Y10_NET_XG,B6_vs_B4_FIXED_FAILURE,-0.021112685625900157,-0.07143403901670894,0.0,0.0,-0.0033885134911572296,-0.012100340229601077,0.004473594919820987,0.2248,NO_CLEAR_DIFFERENCE
WC2022,Y10_NET_XG,B6_vs_B5_COARSE_ORIGIN_FAILURE,-0.0006223862605898655,-0.033088488804961146,0.030134861830138256,0.4052,-0.0022258666071993645,-0.008818762046354671,0.00423062532450682,0.2359,NO_CLEAR_DIFFERENCE
WC2022,Y10_NET_XG,B6_vs_B0,-0.32642733064316454,-0.7792269512681093,0.12690671483326735,0.0804,-0.3519389084188891,-0.8282358405996174,0.10324543200004162,0.0699,NO_CLEAR_DIFFERENCE
WC2022,Y10_NET_XG,B6_vs_B1,-0.3073914926483324,-0.7822837765302302,0.17234241713485798,0.1052,-0.3464461638318387,-0.8268265561785291,0.11376279916480908,0.0724,NO_CLEAR_DIFFERENCE
WC2022,Y30_NET_XG,B6_vs_B2_XR,0.0981592573859205,-0.07605825041649462,0.27958473303781683,0.8688,0.05501737401695734,-0.05681428083701254,0.19857730135301804,0.7992,NO_CLEAR_DIFFERENCE
WC2022,Y30_NET_XG,B6_vs_B3_SUCCESS_ONLY,-0.02446630205311438,-0.2135204233181421,0.14890586128337313,0.4019,-0.031418715416092424,-0.1596974451681481,0.0921188797769511,0.3177,NO_CLEAR_DIFFERENCE
WC2022,Y30_NET_XG,B6_vs_B4_FIXED_FAILURE,-0.018952252066132654,-0.06467556942387702,0.0,0.0,-0.004283194064286719,-0.012632232176307283,0.0033095003749460563,0.1543,NO_CLEAR_DIFFERENCE
WC2022,Y30_NET_XG,B6_vs_B5_COARSE_ORIGIN_FAILURE,-0.002043061641411515,-0.03497522620283328,0.026960990878116504,0.391,-0.0037250831431395156,-0.010379731662054177,0.00248079084773722,0.1142,NO_CLEAR_DIFFERENCE
WC2022,Y30_NET_XG,B6_vs_B0,-0.2888058877997418,-0.7588119696593054,0.18080320798795863,0.1164,-0.34791679556174004,-0.8296752567013971,0.0977809829491765,0.0687,NO_CLEAR_DIFFERENCE
WC2022,Y30_NET_XG,B6_vs_B1,-0.25923956121131125,-0.74349917329152,0.22753931008403833,0.1468,-0.3380431619786233,-0.8164460148554128,0.105422656019742,0.0734,NO_CLEAR_DIFFERENCE
WC2022,YCYCLE_NET_XG,B6_vs_B2_XR,0.05855995939335019,-0.10113508865045719,0.22917864844230737,0.7615,0.039773854778137864,-0.09083463264678976,0.19765012943739943,0.6929,NO_CLEAR_DIFFERENCE
WC2022,YCYCLE_NET_XG,B6_vs_B3_SUCCESS_ONLY,-0.03698910805317164,-0.22891312230203228,0.13689590205474184,0.3429,-0.0592198856000326,-0.1986296666142385,0.07573263295273906,0.1966,NO_CLEAR_DIFFERENCE
WC2022,YCYCLE_NET_XG,B6_vs_B4_FIXED_FAILURE,-0.017220523036402306,-0.06166637279355961,0.0009226617300890915,0.0607,-0.0064577274264122995,-0.013974668317773095,0.0007483344173986178,0.0394,NO_CLEAR_DIFFERENCE
WC2022,YCYCLE_NET_XG,B6_vs_B5_COARSE_ORIGIN_FAILURE,0.0010505095120576186,-0.030001760375923132,0.03921583648014134,0.4373,-0.005962144567214237,-0.013506165686441522,0.0022305748806823833,0.0729,NO_CLEAR_DIFFERENCE
WC2022,YCYCLE_NET_XG,B6_vs_B0,-0.5368832804114011,-0.9428028916841579,-0.13413080976047653,0.0037,-0.6386985624363765,-1.068579100367217,-0.2094784693203813,0.001,BASELINE_CLEARLY_BETTER
WC2022,YCYCLE_NET_XG,B6_vs_B1,-0.5296373365011823,-0.9570687129596361,-0.1008105256670795,0.0071,-0.6267716358908849,-1.068621800747215,-0.16514956875424497,0.0033,BASELINE_CLEARLY_BETTER
WC2022,YNEXTSHOT,B6_vs_B2_XR,0.0508348936282564,-0.12904561021115704,0.2254965533588028,0.7193,0.029793473110128754,-0.12553504240198674,0.22380451284390132,0.6011,NO_CLEAR_DIFFERENCE
WC2022,YNEXTSHOT,B6_vs_B3_SUCCESS_ONLY,-0.012445233938445653,-0.21412489283004385,0.1760318591648296,0.4573,-0.017316945312025475,-0.1661932740270904,0.1028744419889143,0.4266,NO_CLEAR_DIFFERENCE
WC2022,YNEXTSHOT,B6_vs_B4_FIXED_FAILURE,-0.018464432108281123,-0.06162855777239505,0.0,0.0,-0.012120904405235097,-0.020364116618170357,-0.002176364696697232,0.0102,NO_CLEAR_DIFFERENCE
WC2022,YNEXTSHOT,B6_vs_B5_COARSE_ORIGIN_FAILURE,-0.009544327312920708,-0.05397179541565078,0.012897282358360187,0.2132,-0.00875604941477844,-0.01666691590138583,-0.0007046893080577003,0.0185,NO_CLEAR_DIFFERENCE
WC2022,YNEXTSHOT,B6_vs_B0,-0.21775096428508578,-0.5381817110242045,0.12173491812182805,0.0933,-0.31540012309154974,-0.5963405313066806,-0.025680202684033555,0.0151,NO_CLEAR_DIFFERENCE
WC2022,YNEXTSHOT,B6_vs_B1,-0.20791825850891574,-0.5271991854158437,0.1263818225292792,0.0998,-0.31349180963750967,-0.6466858726486876,0.01019094614587863,0.0296,NO_CLEAR_DIFFERENCE
WSL2021,Y10_NET_XG,B6_vs_B2_XR,0.07239685288062256,-0.05697151424287855,0.23619109727647356,0.8676,0.0483941199800998,-0.03973371573924634,0.13349886779772568,0.8705,NO_CLEAR_DIFFERENCE
WSL2021,Y10_NET_XG,B6_vs_B3_SUCCESS_ONLY,0.08427098365833308,-0.3162688814961338,0.4398380563220829,0.6973,0.2286057315439445,-0.12333464139499488,0.562943782910498,0.8949,NO_CLEAR_DIFFERENCE
WSL2021,Y10_NET_XG,B6_vs_B4_FIXED_FAILURE,0.0,0.0,0.0,0.0,0.007340895687975244,-0.010099268551296189,0.03011611483038654,0.7473,NO_CLEAR_DIFFERENCE
WSL2021,Y10_NET_XG,B6_vs_B5_COARSE_ORIGIN_FAILURE,0.0,0.0,0.0,0.0,0.0072779738636527865,-0.006627060468362969,0.022504642168515936,0.8397,NO_CLEAR_DIFFERENCE
WSL2021,Y10_NET_XG,B6_vs_B0,0.0072851164056446475,-0.16592592592592592,0.18722836181277855,0.5161,0.07966569734533446,-0.03620506516769403,0.2244036491826325,0.9003,NO_CLEAR_DIFFERENCE
WSL2021,Y10_NET_XG,B6_vs_B1,0.027296819559919607,-0.17015561207415833,0.22256019594269852,0.6257,0.07138436523581151,-0.061065529620562935,0.23231012855094066,0.8365,NO_CLEAR_DIFFERENCE
WSL2021,Y30_NET_XG,B6_vs_B2_XR,0.055213516456411114,-0.08855810008481754,0.2218846124050437,0.782,0.03584357373819211,-0.046917462831602356,0.11579721717663759,0.8185,NO_CLEAR_DIFFERENCE
WSL2021,Y30_NET_XG,B6_vs_B3_SUCCESS_ONLY,0.16059765014434757,-0.22322260219288906,0.5243952419032386,0.8218,0.2723673563407696,-0.05855637807145806,0.5822760502029745,0.9442,NO_CLEAR_DIFFERENCE
WSL2021,Y30_NET_XG,B6_vs_B4_FIXED_FAILURE,0.0,0.0,0.0,0.0,0.0068445415398367005,-0.011876184556988393,0.03087924467809347,0.7167,NO_CLEAR_DIFFERENCE
WSL2021,Y30_NET_XG,B6_vs_B5_COARSE_ORIGIN_FAILURE,0.0,0.0,0.0,0.0,0.0061309386122708745,-0.009074185645894623,0.022576460198034262,0.7749,NO_CLEAR_DIFFERENCE
WSL2021,Y30_NET_XG,B6_vs_B0,-0.030401510632621604,-0.24072217947357252,0.15757981601731585,0.365,0.045580782260101115,-0.07915390102573332,0.1918285516316599,0.741,NO_CLEAR_DIFFERENCE
WSL2021,Y30_NET_XG,B6_vs_B1,-0.01772711868687268,-0.2641047658520024,0.19191125158141642,0.4437,0.0339879273517925,-0.10612823661854914,0.19518570594907053,0.6645,NO_CLEAR_DIFFERENCE
WSL2021,YCYCLE_NET_XG,B6_vs_B2_XR,0.004459434727080279,-0.1783060921248142,0.1875,0.5138,-0.01074535072707942,-0.10916188900706943,0.06691583014930036,0.4299,NO_CLEAR_DIFFERENCE
WSL2021,YCYCLE_NET_XG,B6_vs_B3_SUCCESS_ONLY,0.24843284408364535,-0.1513513208806472,0.6458529135338342,0.8964,0.39768250655938364,0.061958834179098005,0.7363744089309889,0.9928,NO_CLEAR_DIFFERENCE
WSL2021,YCYCLE_NET_XG,B6_vs_B4_FIXED_FAILURE,0.0,0.0,0.0,0.0,0.012030620814254675,-0.013198275687483538,0.04358382945452363,0.7655,NO_CLEAR_DIFFERENCE
WSL2021,YCYCLE_NET_XG,B6_vs_B5_COARSE_ORIGIN_FAILURE,0.0,0.0,0.0,0.0,0.006387600824822075,-0.014022162986059364,0.02920496006186788,0.7008,NO_CLEAR_DIFFERENCE
WSL2021,YCYCLE_NET_XG,B6_vs_B0,-0.1329863633356677,-0.3543628576415461,0.05067253153012879,0.0709,-0.020972437010774315,-0.15082240453339307,0.12856754388782238,0.359,NO_CLEAR_DIFFERENCE
WSL2021,YCYCLE_NET_XG,B6_vs_B1,-0.12299492208474098,-0.36282528176153983,0.08072050965333903,0.1038,-0.05730343325863117,-0.20484086969084303,0.07806836717085733,0.2033,NO_CLEAR_DIFFERENCE
WSL2021,YNEXTSHOT,B6_vs_B2_XR,0.0011693101140652987,-0.16417910447761191,0.19266599515422092,0.4632,-0.006370057754662223,-0.08399772195975166,0.05566763751565989,0.4562,NO_CLEAR_DIFFERENCE
WSL2021,YNEXTSHOT,B6_vs_B3_SUCCESS_ONLY,0.2684516013695431,-0.11078675981370595,0.7243125848404387,0.914,0.4218791708108031,0.10666658077335904,0.7909967243842452,0.9968,NO_CLEAR_DIFFERENCE
WSL2021,YNEXTSHOT,B6_vs_B4_FIXED_FAILURE,0.0,0.0,0.0,0.0,0.01112650654036361,-0.011664182968353731,0.04044241862087244,0.746,NO_CLEAR_DIFFERENCE
WSL2021,YNEXTSHOT,B6_vs_B5_COARSE_ORIGIN_FAILURE,0.0,0.0,0.0,0.0,0.006998918056679975,-0.01348317755369309,0.0292970087072462,0.7299,NO_CLEAR_DIFFERENCE
WSL2021,YNEXTSHOT,B6_vs_B0,-0.1408024693026766,-0.34226190476190477,-0.012048192771084265,0.0043,-0.006839866898196634,-0.14740641910471597,0.14382677517705747,0.45,BASELINE_CLEARLY_BETTER
WSL2021,YNEXTSHOT,B6_vs_B1,-0.13318245113744043,-0.33928571428571425,0.030076320318869552,0.0461,-0.042981421489596605,-0.19224777764438508,0.08684870196730637,0.2801,NO_CLEAR_DIFFERENCE
