bytes,downloaded_at_utc,http_status,json_valid,official_commit,relative_path,sha256,url
34887,2026-09-25T02:24:28Z,200,True,4b73468fc5b0f1950f9f66fada70ad3a4f9327cb,competitions.json,e6cd42f5d8956d6aa30fb917ce8d4c3b3df1879a93f02f8feba820930a6971fa,https://raw.githubusercontent.com/hudl/open-data/4b73468fc5b0f1950f9f66fada70ad3a4f9327cb/data/competitions.json
3128208,2026-09-25T02:25:04Z,200,True,4b73468fc5b0f1950f9f66fada70ad3a4f9327cb,events/3857254.json,05b8584eea49fb178102bc067ccb5dad82c1c1988ec971a875a9229e27badb5a,https://raw.githubusercontent.com/hudl/open-data/4b73468fc5b0f1950f9f66fada70ad3a4f9327cb/data/events/3857254.json
3753326,2026-09-25T02:24:38Z,200,True,4b73468fc5b0f1950f9f66fada70ad3a4f9327cb,events/3857255.json,dec08979312350b0c3910b5ed15c7e4f7c10f438b733be0231d47a487b74e7a0,https://raw.githubusercontent.com/hudl/open-data/4b73468fc5b0f1950f9f66fada70ad3a4f9327cb/data/events/3857255.json
2758185,2026-09-25T02:25:21Z,200,True,4b73468fc5b0f1950f9f66fada70ad3a4f9327cb,events/3857256.json,e1c5c6d486cac99e336669951946b5d31983b28285089470943f42d16ced7337,https://raw.githubusercontent.com/hudl/open-data/4b73468fc5b0f1950f9f66fada70ad3a4f9327cb/data/events/3857256.json
3072401,2026-09-25T02:25:24Z,200,True,4b73468fc5b0f1950f9f66fada70ad3a4f9327cb,events/3857257.json,a9cc7eef2a5f15d49f2fe5bc2b0040732862c500b1363b3c0f6694cf41498cbf,https://raw.githubusercontent.com/hudl/open-data/4b73468fc5b0f1950f9f66fada70ad3a4f9327cb/data/events/3857257.json
3135863,2026-09-25T02:25:27Z,200,True,4b73468fc5b0f1950f9f66fada70ad3a4f9327cb,events/3857258.json,0b47aafb78f7a131cf536753291ec3be96a54509407ec7e400c143730ae4db74,https://raw.githubusercontent.com/hudl/open-data/4b73468fc5b0f1950f9f66fada70ad3a4f9327cb/data/events/3857258.json
2823701,2026-09-25T02:26:05Z,200,True,4b73468fc5b0f1950f9f66fada70ad3a4f9327cb,events/3857259.json,54006e5292f8a12a121d39c68a796d8fbe94c0f93304558a40bb80d81972f264,https://raw.githubusercontent.com/hudl/open-data/4b73468fc5b0f1950f9f66fada70ad3a4f9327cb/data/events/3857259.json
2609391,2026-09-25T02:25:36Z,200,True,4b73468fc5b0f1950f9f66fada70ad3a4f9327cb,events/3857260.json,7d619884b464cb63bb5ae13085cc3e6f2390cb2c6ef42107e2f85abb751579e7,https://raw.githubusercontent.com/hudl/open-data/4b73468fc5b0f1950f9f66fada70ad3a4f9327cb/data/events/3857260.json
2805087,2026-09-25T02:24:48Z,200,True,4b73468fc5b0f1950f9f66fada70ad3a4f9327cb,events/3857261.json,ec4f9d3ebb2fe5dd32664a60fec79c4e5b4536748315f35fca050fd7f8bb23c2,https://raw.githubusercontent.com/hudl/open-data/4b73468fc5b0f1950f9f66fada70ad3a4f9327cb/data/events/3857261.json
2918457,2026-09-25T02:26:23Z,200,True,4b73468fc5b0f1950f9f66fada70ad3a4f9327cb,events/3857262.json,f67026e3be8362a24da7df778ca96cdfc631bef071b07b4edb6cef1cb1eafacf,https://raw.githubusercontent.com/hudl/open-data/4b73468fc5b0f1950f9f66fada70ad3a4f9327cb/data/events/3857262.json
3027325,2026-09-25T02:26:05Z,200,True,4b73468fc5b0f1950f9f66fada70ad3a4f9327cb,events/3857263.json,16617ba95154db870ba833156348acfafa037730391ec0f8fe3f2635eba135ad,https://raw.githubusercontent.com/hudl/open-data/4b73468fc5b0f1950f9f66fada70ad3a4f9327cb/data/events/3857263.json
3472343,2026-09-25T02:25:38Z,200,True,4b73468fc5b0f1950f9f66fada70ad3a4f9327cb,events/3857264.json,b5e2357a818badd8b294b854b2b327ea7a07cdf7a627973f20a81ebf98e494ce,https://raw.githubusercontent.com/hudl/open-data/4b73468fc5b0f1950f9f66fada70ad3a4f9327cb/data/events/3857264.json
2702580,2026-09-25T02:25:05Z,200,True,4b73468fc5b0f1950f9f66fada70ad3a4f9327cb,events/3857265.json,ed76f94790148cc865622a26fd3d29df3d5253bd04bf053c0207dc0d15e6c0a6,https://raw.githubusercontent.com/hudl/open-data/4b73468fc5b0f1950f9f66fada70ad3a4f9327cb/data/events/3857265.json
3295503,2026-09-25T02:24:58Z,200,True,4b73468fc5b0f1950f9f66fada70ad3a4f9327cb,events/3857266.json,f375137a64c13b2c22e456fae9394bc810ca2bb98a439d94da18fea1365a98a8,https://raw.githubusercontent.com/hudl/open-data/4b73468fc5b0f1950f9f66fada70ad3a4f9327cb/data/events/3857266.json
2444264,2026-09-25T02:25:30Z,200,True,4b73468fc5b0f1950f9f66fada70ad3a4f9327cb,events/3857267.json,7c05c6fa755649d4d882f98817944d6f90613ca424af061d0cfbc080585ac95d,https://raw.githubusercontent.com/hudl/open-data/4b73468fc5b0f1950f9f66fada70ad3a4f9327cb/data/events/3857267.json
2990522,2026-09-25T02:25:08Z,200,True,4b73468fc5b0f1950f9f66fada70ad3a4f9327cb,events/3857268.json,1e9c9f2cf8b229388e826a32bb04224ab9aadb91e5aa4614ecf66cc07c6caa48,https://raw.githubusercontent.com/hudl/open-data/4b73468fc5b0f1950f9f66fada70ad3a4f9327cb/data/events/3857268.json
3217478,2026-09-25T02:25:10Z,200,True,4b73468fc5b0f1950f9f66fada70ad3a4f9327cb,events/3857269.json,20c7d2dd0ca6ff6dbfb5ccebfd8dfb4483783de6afded86060aa0043943e258e,https://raw.githubusercontent.com/hudl/open-data/4b73468fc5b0f1950f9f66fada70ad3a4f9327cb/data/events/3857269.json
2987918,2026-09-25T02:26:01Z,200,True,4b73468fc5b0f1950f9f66fada70ad3a4f9327cb,events/3857270.json,29d7a2c5f589c6fe7ffbc97ca0738d0959e900d1f0f3f488d3ff7f91f94c30fb,https://raw.githubusercontent.com/hudl/open-data/4b73468fc5b0f1950f9f66fada70ad3a4f9327cb/data/events/3857270.json
3063347,2026-09-25T02:24:31Z,200,True,4b73468fc5b0f1950f9f66fada70ad3a4f9327cb,events/3857271.json,3195e45476b96c3257e15043ac4fe17bbb640c548a4edb74d2c3b3eb8b3519e3,https://raw.githubusercontent.com/hudl/open-data/4b73468fc5b0f1950f9f66fada70ad3a4f9327cb/data/events/3857271.json
2962761,2026-09-25T02:24:36Z,200,True,4b73468fc5b0f1950f9f66fada70ad3a4f9327cb,events/3857272.json,9d560f65771f71885fb97643240f0c858d7ddd66410d7fbc6e2783533eb6919b,https://raw.githubusercontent.com/hudl/open-data/4b73468fc5b0f1950f9f66fada70ad3a4f9327cb/data/events/3857272.json
2675338,2026-09-25T02:24:43Z,200,True,4b73468fc5b0f1950f9f66fada70ad3a4f9327cb,events/3857273.json,7bee8a23bbf5bf6db47d7668289e80cf8eb4f49cab46b449073f5839b15f450b,https://raw.githubusercontent.com/hudl/open-data/4b73468fc5b0f1950f9f66fada70ad3a4f9327cb/data/events/3857273.json
3054360,2026-09-25T02:24:33Z,200,True,4b73468fc5b0f1950f9f66fada70ad3a4f9327cb,events/3857274.json,40f8b9d5fe6e8e2cb9ea823a99485d142a67eba46b228d237774a687ab3a9d66,https://raw.githubusercontent.com/hudl/open-data/4b73468fc5b0f1950f9f66fada70ad3a4f9327cb/data/events/3857274.json
2980291,2026-09-25T02:24:45Z,200,True,4b73468fc5b0f1950f9f66fada70ad3a4f9327cb,events/3857275.json,8531cc2ce4bfab163e2660f8e5dea4f88d97794423ef3d894f789602b1fab610,https://raw.githubusercontent.com/hudl/open-data/4b73468fc5b0f1950f9f66fada70ad3a4f9327cb/data/events/3857275.json
2811450,2026-09-25T02:24:29Z,200,True,4b73468fc5b0f1950f9f66fada70ad3a4f9327cb,events/3857276.json,8320cf567b912bac1ff9f5a49deb1263ba5aa2610cf6f3dcf6db60f065bf1e99,https://raw.githubusercontent.com/hudl/open-data/4b73468fc5b0f1950f9f66fada70ad3a4f9327cb/data/events/3857276.json
3090039,2026-09-25T02:24:42Z,200,True,4b73468fc5b0f1950f9f66fada70ad3a4f9327cb,events/3857277.json,0bb3e4c8ad11587af05ca6734d50e6f7ea883db9ff73d79540c434bc50715a0f,https://raw.githubusercontent.com/hudl/open-data/4b73468fc5b0f1950f9f66fada70ad3a4f9327cb/data/events/3857277.json
3036508,2026-09-25T02:24:40Z,200,True,4b73468fc5b0f1950f9f66fada70ad3a4f9327cb,events/3857278.json,63962cc1cc2b6b0c7e9e12e3e9e9ee855ce7036b8f0aa123e3bdd297a99ec095,https://raw.githubusercontent.com/hudl/open-data/4b73468fc5b0f1950f9f66fada70ad3a4f9327cb/data/events/3857278.json
3354655,2026-09-25T02:26:20Z,200,True,4b73468fc5b0f1950f9f66fada70ad3a4f9327cb,events/3857279.json,6e35ec73c164565b99684ab534efed808f23f6cb2c75842c8f2b413501ec96fb,https://raw.githubusercontent.com/hudl/open-data/4b73468fc5b0f1950f9f66fada70ad3a4f9327cb/data/events/3857279.json
2849907,2026-09-25T02:26:19Z,200,True,4b73468fc5b0f1950f9f66fada70ad3a4f9327cb,events/3857280.json,78ea79b4145e6d694180fe8eef748531ea96b0d75d18c1f9ccebd0228c7bf017,https://raw.githubusercontent.com/hudl/open-data/4b73468fc5b0f1950f9f66fada70ad3a4f9327cb/data/events/3857280.json
3139104,2026-09-25T02:26:18Z,200,True,4b73468fc5b0f1950f9f66fada70ad3a4f9327cb,events/3857281.json,f99ed7e0cb4f7a9c28b05ecae768bd10812f52987060f0edb324fb77ac610375,https://raw.githubusercontent.com/hudl/open-data/4b73468fc5b0f1950f9f66fada70ad3a4f9327cb/data/events/3857281.json
3081742,2026-09-25T02:24:53Z,200,True,4b73468fc5b0f1950f9f66fada70ad3a4f9327cb,events/3857282.json,2a6d3d04b6257bfc35a2e0c5a35f05a8997a089191ce27d0c2a5f02108f3b9db,https://raw.githubusercontent.com/hudl/open-data/4b73468fc5b0f1950f9f66fada70ad3a4f9327cb/data/events/3857282.json
3043250,2026-09-25T02:26:08Z,200,True,4b73468fc5b0f1950f9f66fada70ad3a4f9327cb,events/3857283.json,9dd25252fdcfa200588ad3b8d66b618fa6a01633d34b0327776a006ffd6ba5a3,https://raw.githubusercontent.com/hudl/open-data/4b73468fc5b0f1950f9f66fada70ad3a4f9327cb/data/events/3857283.json
3184800,2026-09-25T02:24:59Z,200,True,4b73468fc5b0f1950f9f66fada70ad3a4f9327cb,events/3857284.json,669bc6550cbe4dfb70305b04b2b8eacb0de676e576c69e4be209826bb425f0c6,https://raw.githubusercontent.com/hudl/open-data/4b73468fc5b0f1950f9f66fada70ad3a4f9327cb/data/events/3857284.json
2689430,2026-09-25T02:24:51Z,200,True,4b73468fc5b0f1950f9f66fada70ad3a4f9327cb,events/3857285.json,b97e53a23b76d1fd7b4895cf68820539e24300e7e0032e4cfe429fca7a95b0fa,https://raw.githubusercontent.com/hudl/open-data/4b73468fc5b0f1950f9f66fada70ad3a4f9327cb/data/events/3857285.json
2799478,2026-09-25T02:26:08Z,200,True,4b73468fc5b0f1950f9f66fada70ad3a4f9327cb,events/3857286.json,27c12e2f24a7679d7bf60690c0832e61e04e56bdf1d62323c33b93829c673ea9,https://raw.githubusercontent.com/hudl/open-data/4b73468fc5b0f1950f9f66fada70ad3a4f9327cb/data/events/3857286.json
2959038,2026-09-25T02:25:34Z,200,True,4b73468fc5b0f1950f9f66fada70ad3a4f9327cb,events/3857287.json,5cf5213afda5d31a431fb1dc26d8f5403aea0d7f9dec82a04fe4787ef0152f2c,https://raw.githubusercontent.com/hudl/open-data/4b73468fc5b0f1950f9f66fada70ad3a4f9327cb/data/events/3857287.json
2862790,2026-09-25T02:25:32Z,200,True,4b73468fc5b0f1950f9f66fada70ad3a4f9327cb,events/3857288.json,850f40e36dfadd46ae4660e15558308b5855406821c32d477648272e3fd6be11,https://raw.githubusercontent.com/hudl/open-data/4b73468fc5b0f1950f9f66fada70ad3a4f9327cb/data/events/3857288.json
2873412,2026-09-25T02:25:41Z,200,True,4b73468fc5b0f1950f9f66fada70ad3a4f9327cb,events/3857289.json,8c0d993f9e80602812ec0e73959a4a88a617d14414a2decd3ecfbfebdfab2e08,https://raw.githubusercontent.com/hudl/open-data/4b73468fc5b0f1950f9f66fada70ad3a4f9327cb/data/events/3857289.json
3045504,2026-09-25T02:24:48Z,200,True,4b73468fc5b0f1950f9f66fada70ad3a4f9327cb,events/3857290.json,eb446ea4a6227a31b589a2c9e4b3c557a15a763723326611e1c03ec90640e97c,https://raw.githubusercontent.com/hudl/open-data/4b73468fc5b0f1950f9f66fada70ad3a4f9327cb/data/events/3857290.json
3651273,2026-09-25T02:26:19Z,200,True,4b73468fc5b0f1950f9f66fada70ad3a4f9327cb,events/3857291.json,85918fc69760bc1b208f5cfb49ef4f44337673558b5d1e00909844e91810a570,https://raw.githubusercontent.com/hudl/open-data/4b73468fc5b0f1950f9f66fada70ad3a4f9327cb/data/events/3857291.json
3339556,2026-09-25T02:25:15Z,200,True,4b73468fc5b0f1950f9f66fada70ad3a4f9327cb,events/3857292.json,1836a8dbdd33472eb3f1e57a898abfd9a944870e45dce8a83984445281ac2fb0,https://raw.githubusercontent.com/hudl/open-data/4b73468fc5b0f1950f9f66fada70ad3a4f9327cb/data/events/3857292.json
2975135,2026-09-25T02:26:15Z,200,True,4b73468fc5b0f1950f9f66fada70ad3a4f9327cb,events/3857293.json,a995a7ced8343eb536cbfd8cd16a42f8613312672b3485baed1d573fc2c341f7,https://raw.githubusercontent.com/hudl/open-data/4b73468fc5b0f1950f9f66fada70ad3a4f9327cb/data/events/3857293.json
3657424,2026-09-25T02:25:00Z,200,True,4b73468fc5b0f1950f9f66fada70ad3a4f9327cb,events/3857294.json,a5f13d9cb976c9e695ccd4ef449ff63ae1c5a1f7da2ecfb00603f23d6dc65a56,https://raw.githubusercontent.com/hudl/open-data/4b73468fc5b0f1950f9f66fada70ad3a4f9327cb/data/events/3857294.json
3226260,2026-09-25T02:25:16Z,200,True,4b73468fc5b0f1950f9f66fada70ad3a4f9327cb,events/3857295.json,a59119793b57b85db364f1c9148f2c8ba1243555c7a25972e947b4d0aa36bb37,https://raw.githubusercontent.com/hudl/open-data/4b73468fc5b0f1950f9f66fada70ad3a4f9327cb/data/events/3857295.json
3493039,2026-09-25T02:24:32Z,200,True,4b73468fc5b0f1950f9f66fada70ad3a4f9327cb,events/3857296.json,e86579ac60aa4fec884716d3cc438610cc1a61c8453cd339c9223098be665a7c,https://raw.githubusercontent.com/hudl/open-data/4b73468fc5b0f1950f9f66fada70ad3a4f9327cb/data/events/3857296.json
2749959,2026-09-25T02:24:56Z,200,True,4b73468fc5b0f1950f9f66fada70ad3a4f9327cb,events/3857297.json,ba51d6820d4b5e19e3dc858d4e111b9214696c5d5ccd78eae6eb97306d26a49d,https://raw.githubusercontent.com/hudl/open-data/4b73468fc5b0f1950f9f66fada70ad3a4f9327cb/data/events/3857297.json
3193812,2026-09-25T02:24:50Z,200,True,4b73468fc5b0f1950f9f66fada70ad3a4f9327cb,events/3857298.json,1d83208ea85fbadbacf2a8886a62a14bb5202bd57b494606b0ccdbe10709ab51,https://raw.githubusercontent.com/hudl/open-data/4b73468fc5b0f1950f9f66fada70ad3a4f9327cb/data/events/3857298.json
2852604,2026-09-25T02:26:13Z,200,True,4b73468fc5b0f1950f9f66fada70ad3a4f9327cb,events/3857299.json,b5e3534f6838cba64bcc46dfbef5bc14b768f35ad5aea2038e2990fe19c989c0,https://raw.githubusercontent.com/hudl/open-data/4b73468fc5b0f1950f9f66fada70ad3a4f9327cb/data/events/3857299.json
2865394,2026-09-25T02:26:11Z,200,True,4b73468fc5b0f1950f9f66fada70ad3a4f9327cb,events/3857300.json,76fa92d3cc2d235a47eed0a7a722332a7c3ec5d3386a8785102eeec69db80ee8,https://raw.githubusercontent.com/hudl/open-data/4b73468fc5b0f1950f9f66fada70ad3a4f9327cb/data/events/3857300.json
3014792,2026-09-25T02:25:08Z,200,True,4b73468fc5b0f1950f9f66fada70ad3a4f9327cb,events/3857301.json,6a211a48871d386e146b6cd416d47d1e94244c5798feedce121e6d169286f0a3,https://raw.githubusercontent.com/hudl/open-data/4b73468fc5b0f1950f9f66fada70ad3a4f9327cb/data/events/3857301.json
3091255,2026-09-25T02:26:03Z,200,True,4b73468fc5b0f1950f9f66fada70ad3a4f9327cb,events/3869117.json,1b0e02160e25013b840c716b304ba1bc7b9254cb044e2ca216d582f0ede3eaf0,https://raw.githubusercontent.com/hudl/open-data/4b73468fc5b0f1950f9f66fada70ad3a4f9327cb/data/events/3869117.json
2941665,2026-09-25T02:25:45Z,200,True,4b73468fc5b0f1950f9f66fada70ad3a4f9327cb,events/3869118.json,b9a98ce90b475f5308bca34d6dde87f332091e61fe78d45badbf3fed53dffc9f,https://raw.githubusercontent.com/hudl/open-data/4b73468fc5b0f1950f9f66fada70ad3a4f9327cb/data/events/3869118.json
3516112,2026-09-25T02:25:24Z,200,True,4b73468fc5b0f1950f9f66fada70ad3a4f9327cb,events/3869151.json,0157c399b6ff7ec46b265024b5a98ee878d73a8a1a0d5966de3a3d1cfb56a414,https://raw.githubusercontent.com/hudl/open-data/4b73468fc5b0f1950f9f66fada70ad3a4f9327cb/data/events/3869151.json
3074345,2026-09-25T02:25:59Z,200,True,4b73468fc5b0f1950f9f66fada70ad3a4f9327cb,events/3869152.json,750ec4a0672adb8c85e89c7bc9e150b911d21a4d2172652273094c8aa7d4c095,https://raw.githubusercontent.com/hudl/open-data/4b73468fc5b0f1950f9f66fada70ad3a4f9327cb/data/events/3869152.json
3859204,2026-09-25T02:25:55Z,200,True,4b73468fc5b0f1950f9f66fada70ad3a4f9327cb,events/3869219.json,717f0a1e9923bc43528546c29267c5195e071fdc3f6d63563c0d58e58fb3ec40,https://raw.githubusercontent.com/hudl/open-data/4b73468fc5b0f1950f9f66fada70ad3a4f9327cb/data/events/3869219.json
3975140,2026-09-25T02:25:54Z,200,True,4b73468fc5b0f1950f9f66fada70ad3a4f9327cb,events/3869220.json,ca1d27f3a1b2454bf9d0b0b5e44aedecf01f39dde8ee1f3b6198acad3f24f966,https://raw.githubusercontent.com/hudl/open-data/4b73468fc5b0f1950f9f66fada70ad3a4f9327cb/data/events/3869220.json
3443303,2026-09-25T02:25:56Z,200,True,4b73468fc5b0f1950f9f66fada70ad3a4f9327cb,events/3869253.json,c6081e65da563f21c7f902bcf2f70d4fe26f4ac7d34a867388c1d5e6f21091d5,https://raw.githubusercontent.com/hudl/open-data/4b73468fc5b0f1950f9f66fada70ad3a4f9327cb/data/events/3869253.json
2970822,2026-09-25T02:25:41Z,200,True,4b73468fc5b0f1950f9f66fada70ad3a4f9327cb,events/3869254.json,8317fefc7c2c0e4e072064b844077849856860ef81ef29c97916fd1c19ba7d44,https://raw.githubusercontent.com/hudl/open-data/4b73468fc5b0f1950f9f66fada70ad3a4f9327cb/data/events/3869254.json
4007550,2026-09-25T02:25:10Z,200,True,4b73468fc5b0f1950f9f66fada70ad3a4f9327cb,events/3869321.json,dd0472e758207eea4dc1726c778f506e91c1f630b3020b101cf111267c2621ed,https://raw.githubusercontent.com/hudl/open-data/4b73468fc5b0f1950f9f66fada70ad3a4f9327cb/data/events/3869321.json
2744507,2026-09-25T02:25:47Z,200,True,4b73468fc5b0f1950f9f66fada70ad3a4f9327cb,events/3869354.json,50c32503dc49d25430e9cbf254160bce7e1c7ee0975be826dbf4da413f4c280e,https://raw.githubusercontent.com/hudl/open-data/4b73468fc5b0f1950f9f66fada70ad3a4f9327cb/data/events/3869354.json
4348491,2026-09-25T02:25:51Z,200,True,4b73468fc5b0f1950f9f66fada70ad3a4f9327cb,events/3869420.json,0936838f0a1a27df11352a4b96c6265b3ef89b164ff96817e46ae6619f0ab164,https://raw.githubusercontent.com/hudl/open-data/4b73468fc5b0f1950f9f66fada70ad3a4f9327cb/data/events/3869420.json
2901963,2026-09-25T02:25:36Z,200,True,4b73468fc5b0f1950f9f66fada70ad3a4f9327cb,events/3869486.json,455127b456021593874476ee8b5dad01b0166b8da814c095300b6ed608a08993,https://raw.githubusercontent.com/hudl/open-data/4b73468fc5b0f1950f9f66fada70ad3a4f9327cb/data/events/3869486.json
3225242,2026-09-25T02:25:45Z,200,True,4b73468fc5b0f1950f9f66fada70ad3a4f9327cb,events/3869519.json,4ee7a0a1484045f49d42e74b7ca1881446ca7245087c6b6d47e536d47d58da6d,https://raw.githubusercontent.com/hudl/open-data/4b73468fc5b0f1950f9f66fada70ad3a4f9327cb/data/events/3869519.json
3001771,2026-09-25T02:25:50Z,200,True,4b73468fc5b0f1950f9f66fada70ad3a4f9327cb,events/3869552.json,a8d0c4c65503004d6e12403815b21f65c101b394b7b42bd6c84fc26357d3868e,https://raw.githubusercontent.com/hudl/open-data/4b73468fc5b0f1950f9f66fada70ad3a4f9327cb/data/events/3869552.json
3002148,2026-09-25T02:25:20Z,200,True,4b73468fc5b0f1950f9f66fada70ad3a4f9327cb,events/3869684.json,2206de792571a821d762a34c63d189db62f7a9bdacab80ef497545f4191fdd28,https://raw.githubusercontent.com/hudl/open-data/4b73468fc5b0f1950f9f66fada70ad3a4f9327cb/data/events/3869684.json
3757121,2026-09-25T02:25:18Z,200,True,4b73468fc5b0f1950f9f66fada70ad3a4f9327cb,events/3869685.json,a0b0036d50c10a4c8879d1ee9f24a7502ec2cfb264a61951c8d500dfc897ec35,https://raw.githubusercontent.com/hudl/open-data/4b73468fc5b0f1950f9f66fada70ad3a4f9327cb/data/events/3869685.json
2852460,2026-09-25T02:28:06Z,200,True,4b73468fc5b0f1950f9f66fada70ad3a4f9327cb,events/3930158.json,4c7412bf2e4a25d7bdf9c0e5f78fbb55c8fc30a918c68a48eb7c7a434d3e91a9,https://raw.githubusercontent.com/hudl/open-data/4b73468fc5b0f1950f9f66fada70ad3a4f9327cb/data/events/3930158.json
2867444,2026-09-25T02:26:28Z,200,True,4b73468fc5b0f1950f9f66fada70ad3a4f9327cb,events/3930159.json,694c7c4422592ee3a38a1f6375004d23355d40f8918c705a9df967e063dcce40,https://raw.githubusercontent.com/hudl/open-data/4b73468fc5b0f1950f9f66fada70ad3a4f9327cb/data/events/3930159.json
3221973,2026-09-25T02:26:35Z,200,True,4b73468fc5b0f1950f9f66fada70ad3a4f9327cb,events/3930160.json,e04ef2100f09adeab65d8a63c389fbf9487323223f9027b12abbeb4b577b8790,https://raw.githubusercontent.com/hudl/open-data/4b73468fc5b0f1950f9f66fada70ad3a4f9327cb/data/events/3930160.json
3432124,2026-09-25T02:28:03Z,200,True,4b73468fc5b0f1950f9f66fada70ad3a4f9327cb,events/3930161.json,4c87b1547af72dabb5eb812f16749b24f196d4735606efd06a20c494372f32e5,https://raw.githubusercontent.com/hudl/open-data/4b73468fc5b0f1950f9f66fada70ad3a4f9327cb/data/events/3930161.json
3032830,2026-09-25T02:27:01Z,200,True,4b73468fc5b0f1950f9f66fada70ad3a4f9327cb,events/3930162.json,e97379bf5fc05d24d07c7ac98defc2856203d0fd8c52b64c05dec19f0e768e37,https://raw.githubusercontent.com/hudl/open-data/4b73468fc5b0f1950f9f66fada70ad3a4f9327cb/data/events/3930162.json
3265306,2026-09-25T02:26:31Z,200,True,4b73468fc5b0f1950f9f66fada70ad3a4f9327cb,events/3930163.json,1e73b8517f4a51d08eced1c77995c188b9eddcec0cb599c8f5067fd007b29b13,https://raw.githubusercontent.com/hudl/open-data/4b73468fc5b0f1950f9f66fada70ad3a4f9327cb/data/events/3930163.json
3001095,2026-09-25T02:27:58Z,200,True,4b73468fc5b0f1950f9f66fada70ad3a4f9327cb,events/3930164.json,573e66df5216af87f1d90fcea9981717a2fb7a1d8c634cd358c8df5347298c60,https://raw.githubusercontent.com/hudl/open-data/4b73468fc5b0f1950f9f66fada70ad3a4f9327cb/data/events/3930164.json
3121084,2026-09-25T02:27:59Z,200,True,4b73468fc5b0f1950f9f66fada70ad3a4f9327cb,events/3930165.json,3450034b725d7e8145a283ba2a8de31499a9c2b44d8b0164302805c2f3f22698,https://raw.githubusercontent.com/hudl/open-data/4b73468fc5b0f1950f9f66fada70ad3a4f9327cb/data/events/3930165.json
3146279,2026-09-25T02:26:26Z,200,True,4b73468fc5b0f1950f9f66fada70ad3a4f9327cb,events/3930166.json,aae2a1e51c98abb3f35f7898ddadc5641132907bd0a758b45ca0f5776e33c3a2,https://raw.githubusercontent.com/hudl/open-data/4b73468fc5b0f1950f9f66fada70ad3a4f9327cb/data/events/3930166.json
3168402,2026-09-25T02:27:51Z,200,True,4b73468fc5b0f1950f9f66fada70ad3a4f9327cb,events/3930167.json,4dbd82ba45e05f8b3ec16965f221fcbf6b788256ee49419c15bab3fbbf8048f8,https://raw.githubusercontent.com/hudl/open-data/4b73468fc5b0f1950f9f66fada70ad3a4f9327cb/data/events/3930167.json
3297827,2026-09-25T02:27:54Z,200,True,4b73468fc5b0f1950f9f66fada70ad3a4f9327cb,events/3930168.json,c125d9215805fbf285226b89e5de5b87376111a7a969eaf4de3d01be69bf6272,https://raw.githubusercontent.com/hudl/open-data/4b73468fc5b0f1950f9f66fada70ad3a4f9327cb/data/events/3930168.json
2700209,2026-09-25T02:27:05Z,200,True,4b73468fc5b0f1950f9f66fada70ad3a4f9327cb,events/3930169.json,07b490aeec4ea23dd77c05351f0d846e2ad8210d1cf40458b63d9a3c0aef137c,https://raw.githubusercontent.com/hudl/open-data/4b73468fc5b0f1950f9f66fada70ad3a4f9327cb/data/events/3930169.json
3025659,2026-09-25T02:26:39Z,200,True,4b73468fc5b0f1950f9f66fada70ad3a4f9327cb,events/3930170.json,3d0641d64fd8c76ef7797902405ef68178488c754518ad52d42597d09a05699c,https://raw.githubusercontent.com/hudl/open-data/4b73468fc5b0f1950f9f66fada70ad3a4f9327cb/data/events/3930170.json
3309527,2026-09-25T02:27:20Z,200,True,4b73468fc5b0f1950f9f66fada70ad3a4f9327cb,events/3930171.json,d4f834a5c560f9af3095351aaaf5f308dde96fae230a00da788b468e18606d7f,https://raw.githubusercontent.com/hudl/open-data/4b73468fc5b0f1950f9f66fada70ad3a4f9327cb/data/events/3930171.json
3358400,2026-09-25T02:27:52Z,200,True,4b73468fc5b0f1950f9f66fada70ad3a4f9327cb,events/3930172.json,abf0a997a0723ad593eee176d4dff387a1e72ce95093942dd47125a4d783b9c3,https://raw.githubusercontent.com/hudl/open-data/4b73468fc5b0f1950f9f66fada70ad3a4f9327cb/data/events/3930172.json
3128401,2026-09-25T02:27:47Z,200,True,4b73468fc5b0f1950f9f66fada70ad3a4f9327cb,events/3930173.json,acf4f80fdf726920ccfed08359e8b6853da676abb9f5e9b8cc3b26c387d69f1a,https://raw.githubusercontent.com/hudl/open-data/4b73468fc5b0f1950f9f66fada70ad3a4f9327cb/data/events/3930173.json
3226329,2026-09-25T02:26:59Z,200,True,4b73468fc5b0f1950f9f66fada70ad3a4f9327cb,events/3930174.json,eb07ab0fe87cd5ecf06863ecf4d1ff878d5b23dbdf808fb7742c14b7e5cc6a80,https://raw.githubusercontent.com/hudl/open-data/4b73468fc5b0f1950f9f66fada70ad3a4f9327cb/data/events/3930174.json
2761452,2026-09-25T02:28:04Z,200,True,4b73468fc5b0f1950f9f66fada70ad3a4f9327cb,events/3930175.json,47ca0ed1482c400b7cbb4abd8dbe00791f68f50a765f4019ee47080bcfda79f4,https://raw.githubusercontent.com/hudl/open-data/4b73468fc5b0f1950f9f66fada70ad3a4f9327cb/data/events/3930175.json
3163779,2026-09-25T02:27:02Z,200,True,4b73468fc5b0f1950f9f66fada70ad3a4f9327cb,events/3930176.json,7f4043b0afe1a97ce5c47a674c56edf8cc9d02773a9b0cf38419b6c1cd423cdd,https://raw.githubusercontent.com/hudl/open-data/4b73468fc5b0f1950f9f66fada70ad3a4f9327cb/data/events/3930176.json
2876810,2026-09-25T02:27:47Z,200,True,4b73468fc5b0f1950f9f66fada70ad3a4f9327cb,events/3930177.json,3f996dc352237a3260abdc128099c554d49bdbf64e27250647b072ceaa370bb2,https://raw.githubusercontent.com/hudl/open-data/4b73468fc5b0f1950f9f66fada70ad3a4f9327cb/data/events/3930177.json
3361146,2026-09-25T02:26:35Z,200,True,4b73468fc5b0f1950f9f66fada70ad3a4f9327cb,events/3930178.json,c30cf383f2c3f85ce28dff572cdc8d8d1a51217755a70a05090ef36e90ba801a,https://raw.githubusercontent.com/hudl/open-data/4b73468fc5b0f1950f9f66fada70ad3a4f9327cb/data/events/3930178.json
3200844,2026-09-25T02:27:39Z,200,True,4b73468fc5b0f1950f9f66fada70ad3a4f9327cb,events/3930179.json,a65d0878381a7acdaebc74ad937f6451c4c1ddd6f47ae08abaf018867fdf47c6,https://raw.githubusercontent.com/hudl/open-data/4b73468fc5b0f1950f9f66fada70ad3a4f9327cb/data/events/3930179.json
2722349,2026-09-25T02:27:20Z,200,True,4b73468fc5b0f1950f9f66fada70ad3a4f9327cb,events/3930180.json,aff9750bc5b7223c89c805e048d412616e627f45378ded0ac79f642e498f5b3b,https://raw.githubusercontent.com/hudl/open-data/4b73468fc5b0f1950f9f66fada70ad3a4f9327cb/data/events/3930180.json
3083586,2026-09-25T02:26:31Z,200,True,4b73468fc5b0f1950f9f66fada70ad3a4f9327cb,events/3930181.json,3cf0b798289f035d0880f789126b1eee83cd947280d16488ba62978b69c294c7,https://raw.githubusercontent.com/hudl/open-data/4b73468fc5b0f1950f9f66fada70ad3a4f9327cb/data/events/3930181.json
3193092,2026-09-25T02:27:39Z,200,True,4b73468fc5b0f1950f9f66fada70ad3a4f9327cb,events/3930182.json,48cd23ecd5e033fb3a5d3084757a833fe024d26ff02ee05ff206e2577027e768,https://raw.githubusercontent.com/hudl/open-data/4b73468fc5b0f1950f9f66fada70ad3a4f9327cb/data/events/3930182.json
2473108,2026-09-25T02:28:03Z,200,True,4b73468fc5b0f1950f9f66fada70ad3a4f9327cb,events/3930183.json,d9127adb5f8ca29137912a8d30744496e011599fdfcdae41434a937ceb39ca80,https://raw.githubusercontent.com/hudl/open-data/4b73468fc5b0f1950f9f66fada70ad3a4f9327cb/data/events/3930183.json
2553626,2026-09-25T02:27:24Z,200,True,4b73468fc5b0f1950f9f66fada70ad3a4f9327cb,events/3930184.json,b32ec79b13e1a1606634f677bd7713ad272bbe38e9c7ef955d6237ac1b689765,https://raw.githubusercontent.com/hudl/open-data/4b73468fc5b0f1950f9f66fada70ad3a4f9327cb/data/events/3930184.json
2948621,2026-09-25T02:26:52Z,200,True,4b73468fc5b0f1950f9f66fada70ad3a4f9327cb,events/3938637.json,031b6bcc24b43b9d5e0ef444f65db4dba2f7504391532eafe891ecd1e7ad6130,https://raw.githubusercontent.com/hudl/open-data/4b73468fc5b0f1950f9f66fada70ad3a4f9327cb/data/events/3938637.json
2704503,2026-09-25T02:26:49Z,200,True,4b73468fc5b0f1950f9f66fada70ad3a4f9327cb,events/3938638.json,b642135a6ac4e0b10c5a96d26498eb1d9a7a3c00abc2cef989f873bbc4cccfef,https://raw.githubusercontent.com/hudl/open-data/4b73468fc5b0f1950f9f66fada70ad3a4f9327cb/data/events/3938638.json
3299733,2026-09-25T02:26:49Z,200,True,4b73468fc5b0f1950f9f66fada70ad3a4f9327cb,events/3938639.json,328aca7629193a2780f449d0026e8d356096fc20b47a0305219c192fe661c15f,https://raw.githubusercontent.com/hudl/open-data/4b73468fc5b0f1950f9f66fada70ad3a4f9327cb/data/events/3938639.json
2988860,2026-09-25T02:26:52Z,200,True,4b73468fc5b0f1950f9f66fada70ad3a4f9327cb,events/3938640.json,eb9e13650dcab1bc41738f5b9577377b5e3c55c9528fcfbaf947dd28a62d9975,https://raw.githubusercontent.com/hudl/open-data/4b73468fc5b0f1950f9f66fada70ad3a4f9327cb/data/events/3938640.json
2906627,2026-09-25T02:26:41Z,200,True,4b73468fc5b0f1950f9f66fada70ad3a4f9327cb,events/3938641.json,6ca66b263f739a45abb783ea10f8d4ba7ca58e4634fbdde0fbbf557328e9ab48,https://raw.githubusercontent.com/hudl/open-data/4b73468fc5b0f1950f9f66fada70ad3a4f9327cb/data/events/3938641.json
2906100,2026-09-25T02:26:44Z,200,True,4b73468fc5b0f1950f9f66fada70ad3a4f9327cb,events/3938642.json,a370edcf9fc4d809314c3768579eee2926e7136a4e1a9eec618749fd1171766e,https://raw.githubusercontent.com/hudl/open-data/4b73468fc5b0f1950f9f66fada70ad3a4f9327cb/data/events/3938642.json
3204724,2026-09-25T02:26:39Z,200,True,4b73468fc5b0f1950f9f66fada70ad3a4f9327cb,events/3938643.json,6dfb69ed3be4797cb610756c07e72e81c86c211479b3ff16fa668d73141581ea,https://raw.githubusercontent.com/hudl/open-data/4b73468fc5b0f1950f9f66fada70ad3a4f9327cb/data/events/3938643.json
3162145,2026-09-25T02:26:55Z,200,True,4b73468fc5b0f1950f9f66fada70ad3a4f9327cb,events/3938644.json,e3505f31e5ecb6ea6b94514dccdff7c63d82ec2e4244dff40b91dabe8f1b1494,https://raw.githubusercontent.com/hudl/open-data/4b73468fc5b0f1950f9f66fada70ad3a4f9327cb/data/events/3938644.json
2991774,2026-09-25T02:27:23Z,200,True,4b73468fc5b0f1950f9f66fada70ad3a4f9327cb,events/3938645.json,f93b68287bf0c334574d8331c8bf298db1ebb363b6e8d764f3872d64a0e9a1bf,https://raw.githubusercontent.com/hudl/open-data/4b73468fc5b0f1950f9f66fada70ad3a4f9327cb/data/events/3938645.json
3275962,2026-09-25T02:27:44Z,200,True,4b73468fc5b0f1950f9f66fada70ad3a4f9327cb,events/3940878.json,3fcb21720b9df15390e996f76f2e8713e6756aeedd502b62a5ea5bd955351a60,https://raw.githubusercontent.com/hudl/open-data/4b73468fc5b0f1950f9f66fada70ad3a4f9327cb/data/events/3940878.json
3092103,2026-09-25T02:27:42Z,200,True,4b73468fc5b0f1950f9f66fada70ad3a4f9327cb,events/3940983.json,e46855568db36550730428cbdf0251716d8e6768639482ad9c56ce0c1d5c377f,https://raw.githubusercontent.com/hudl/open-data/4b73468fc5b0f1950f9f66fada70ad3a4f9327cb/data/events/3940983.json
4019615,2026-09-25T02:27:37Z,200,True,4b73468fc5b0f1950f9f66fada70ad3a4f9327cb,events/3941017.json,45b618a2b04258310bb696370b83251ec79846783eac7c0e9ac9e2be7f90c07e,https://raw.githubusercontent.com/hudl/open-data/4b73468fc5b0f1950f9f66fada70ad3a4f9327cb/data/events/3941017.json
3434681,2026-09-25T02:27:34Z,200,True,4b73468fc5b0f1950f9f66fada70ad3a4f9327cb,events/3941018.json,62f65d56f69ce4ed8e9d7950d0c8897acbcac9db318e7abbe469c1f77f698aad,https://raw.githubusercontent.com/hudl/open-data/4b73468fc5b0f1950f9f66fada70ad3a4f9327cb/data/events/3941018.json
3329327,2026-09-25T02:26:55Z,200,True,4b73468fc5b0f1950f9f66fada70ad3a4f9327cb,events/3941019.json,3d2e6e72f95bf7c4aca447f8e8c082ada20f5fc78a64a4ea50456a8159f29428,https://raw.githubusercontent.com/hudl/open-data/4b73468fc5b0f1950f9f66fada70ad3a4f9327cb/data/events/3941019.json
3653473,2026-09-25T02:27:33Z,200,True,4b73468fc5b0f1950f9f66fada70ad3a4f9327cb,events/3941020.json,fed12f03582eb53308e6f831130e81924d17023f29b199e28e3672812f5cb696,https://raw.githubusercontent.com/hudl/open-data/4b73468fc5b0f1950f9f66fada70ad3a4f9327cb/data/events/3941020.json
2604985,2026-09-25T02:27:28Z,200,True,4b73468fc5b0f1950f9f66fada70ad3a4f9327cb,events/3941021.json,63913270d365347be4367a699cf6c8e77225cb4fd8e5cb4d8a33063244f6fe9e,https://raw.githubusercontent.com/hudl/open-data/4b73468fc5b0f1950f9f66fada70ad3a4f9327cb/data/events/3941021.json
3172402,2026-09-25T02:27:28Z,200,True,4b73468fc5b0f1950f9f66fada70ad3a4f9327cb,events/3941022.json,6d8a1604a6db456e98279f1cb31cd4f556bb55bd6534bed18e293ca7e70246a5,https://raw.githubusercontent.com/hudl/open-data/4b73468fc5b0f1950f9f66fada70ad3a4f9327cb/data/events/3941022.json
3816941,2026-09-25T02:27:21Z,200,True,4b73468fc5b0f1950f9f66fada70ad3a4f9327cb,events/3942226.json,e4e0aba5eecdc7d136a54173fc5a3a51b3f179efc5e815be3aa8291e0ae5437c,https://raw.githubusercontent.com/hudl/open-data/4b73468fc5b0f1950f9f66fada70ad3a4f9327cb/data/events/3942226.json
4124983,2026-09-25T02:26:59Z,200,True,4b73468fc5b0f1950f9f66fada70ad3a4f9327cb,events/3942227.json,b0bc13e5fa3b548afe8a8435ca932f304fd9d8bb994df51882d54ddaa766a6be,https://raw.githubusercontent.com/hudl/open-data/4b73468fc5b0f1950f9f66fada70ad3a4f9327cb/data/events/3942227.json
4470716,2026-09-25T02:27:16Z,200,True,4b73468fc5b0f1950f9f66fada70ad3a4f9327cb,events/3942349.json,331477f8fb6adc208588a20bc7329ba00396ae3f711bd91b441feaacf96e626a,https://raw.githubusercontent.com/hudl/open-data/4b73468fc5b0f1950f9f66fada70ad3a4f9327cb/data/events/3942349.json
2912361,2026-09-25T02:27:17Z,200,True,4b73468fc5b0f1950f9f66fada70ad3a4f9327cb,events/3942382.json,31a3da99f63c52f83d69e5cdf2b26c14851da6d51765320d95f80b85b50a0a5f,https://raw.githubusercontent.com/hudl/open-data/4b73468fc5b0f1950f9f66fada70ad3a4f9327cb/data/events/3942382.json
2801270,2026-09-25T02:27:11Z,200,True,4b73468fc5b0f1950f9f66fada70ad3a4f9327cb,events/3942752.json,2422cf9024265c773c1002e51a707db15d2b890c3851a9321ffbeb0c23c5b72d,https://raw.githubusercontent.com/hudl/open-data/4b73468fc5b0f1950f9f66fada70ad3a4f9327cb/data/events/3942752.json
2926411,2026-09-25T02:27:08Z,200,True,4b73468fc5b0f1950f9f66fada70ad3a4f9327cb,events/3942819.json,5bf91f83b4ea6e5fa6fd3207c347b65ccce5124ae2040689509895ef5c0ab1b5,https://raw.githubusercontent.com/hudl/open-data/4b73468fc5b0f1950f9f66fada70ad3a4f9327cb/data/events/3942819.json
2806118,2026-09-25T02:27:10Z,200,True,4b73468fc5b0f1950f9f66fada70ad3a4f9327cb,events/3943043.json,cd6ab2cf6c129cdc35d43242006582f69f6419d9041dd417405171f91ab26989,https://raw.githubusercontent.com/hudl/open-data/4b73468fc5b0f1950f9f66fada70ad3a4f9327cb/data/events/3943043.json
24183,2026-09-25T02:24:59Z,200,True,4b73468fc5b0f1950f9f66fada70ad3a4f9327cb,lineups/3857254.json,c73d80272b5c6019d61570094087bd3c19bcd8d985854754c891ca8f531b7263,https://raw.githubusercontent.com/hudl/open-data/4b73468fc5b0f1950f9f66fada70ad3a4f9327cb/data/lineups/3857254.json
22414,2026-09-25T02:24:33Z,200,True,4b73468fc5b0f1950f9f66fada70ad3a4f9327cb,lineups/3857255.json,94bf73899cf687532a5568a460217dfdb6d458f7a033d7b083e390375b43a298,https://raw.githubusercontent.com/hudl/open-data/4b73468fc5b0f1950f9f66fada70ad3a4f9327cb/data/lineups/3857255.json
22488,2026-09-25T02:25:20Z,200,True,4b73468fc5b0f1950f9f66fada70ad3a4f9327cb,lineups/3857256.json,740babcf7b26703ca516f10a21a26f2ec627e6146e12bb1cd7c57280b8d63577,https://raw.githubusercontent.com/hudl/open-data/4b73468fc5b0f1950f9f66fada70ad3a4f9327cb/data/lineups/3857256.json
26094,2026-09-25T02:25:24Z,200,True,4b73468fc5b0f1950f9f66fada70ad3a4f9327cb,lineups/3857257.json,8d775a1c79e14badcd31319035f384ee2496e38205095862c681e0bbe2ce6fa3,https://raw.githubusercontent.com/hudl/open-data/4b73468fc5b0f1950f9f66fada70ad3a4f9327cb/data/lineups/3857257.json
25243,2026-09-25T02:25:26Z,200,True,4b73468fc5b0f1950f9f66fada70ad3a4f9327cb,lineups/3857258.json,ba2a4d055a20248d8a6b8f8c8fa1bc6ee63cb367fb50e9aed1597e3eb1be4056,https://raw.githubusercontent.com/hudl/open-data/4b73468fc5b0f1950f9f66fada70ad3a4f9327cb/data/lineups/3857258.json
26060,2026-09-25T02:26:04Z,200,True,4b73468fc5b0f1950f9f66fada70ad3a4f9327cb,lineups/3857259.json,11f9007707d884c61d32eb90e5a9e74bdea206436da97a0dc8fbc532e75f6271,https://raw.githubusercontent.com/hudl/open-data/4b73468fc5b0f1950f9f66fada70ad3a4f9327cb/data/lineups/3857259.json
27293,2026-09-25T02:25:35Z,200,True,4b73468fc5b0f1950f9f66fada70ad3a4f9327cb,lineups/3857260.json,eede5e8e3296b459073dde635b6f2bb3398d9bb8ccf8fbaf1375b095bf185972,https://raw.githubusercontent.com/hudl/open-data/4b73468fc5b0f1950f9f66fada70ad3a4f9327cb/data/lineups/3857260.json
21741,2026-09-25T02:24:44Z,200,True,4b73468fc5b0f1950f9f66fada70ad3a4f9327cb,lineups/3857261.json,f8032bde2eb0e4342bb6ec2555d2479061a96a3c808da4689b986466d9dbcb4b,https://raw.githubusercontent.com/hudl/open-data/4b73468fc5b0f1950f9f66fada70ad3a4f9327cb/data/lineups/3857261.json
27303,2026-09-25T02:26:21Z,200,True,4b73468fc5b0f1950f9f66fada70ad3a4f9327cb,lineups/3857262.json,526603bcd77d113f13378aaa1a87e07d84394eb0f727d3c66aa7d4aa141c7fa7,https://raw.githubusercontent.com/hudl/open-data/4b73468fc5b0f1950f9f66fada70ad3a4f9327cb/data/lineups/3857262.json
22626,2026-09-25T02:26:03Z,200,True,4b73468fc5b0f1950f9f66fada70ad3a4f9327cb,lineups/3857263.json,fbe5d4f0875e9f7c1ebe2dee3aa29f2a21af15bc00229c6d69d8465ae1175a3a,https://raw.githubusercontent.com/hudl/open-data/4b73468fc5b0f1950f9f66fada70ad3a4f9327cb/data/lineups/3857263.json
26267,2026-09-25T02:25:36Z,200,True,4b73468fc5b0f1950f9f66fada70ad3a4f9327cb,lineups/3857264.json,019fe12e26c26f303ab5b45fd6a7d125bb78f9987bba879430337b63f73fccec,https://raw.githubusercontent.com/hudl/open-data/4b73468fc5b0f1950f9f66fada70ad3a4f9327cb/data/lineups/3857264.json
23286,2026-09-25T02:25:03Z,200,True,4b73468fc5b0f1950f9f66fada70ad3a4f9327cb,lineups/3857265.json,a3334435141eacf95800f4b6c6e7454df88bf459d672c53b61bbd1b2d683eabd,https://raw.githubusercontent.com/hudl/open-data/4b73468fc5b0f1950f9f66fada70ad3a4f9327cb/data/lineups/3857265.json
21982,2026-09-25T02:24:57Z,200,True,4b73468fc5b0f1950f9f66fada70ad3a4f9327cb,lineups/3857266.json,0c6822b2b4625e27e15121af0dc9f488a2d3fa5ab053324422bb3f61d416e15a,https://raw.githubusercontent.com/hudl/open-data/4b73468fc5b0f1950f9f66fada70ad3a4f9327cb/data/lineups/3857266.json
24159,2026-09-25T02:25:30Z,200,True,4b73468fc5b0f1950f9f66fada70ad3a4f9327cb,lineups/3857267.json,e76125e423c5f699f67efcd071ec486e6ab40cfd851773c993cc27d3e68d300f,https://raw.githubusercontent.com/hudl/open-data/4b73468fc5b0f1950f9f66fada70ad3a4f9327cb/data/lineups/3857267.json
25058,2026-09-25T02:25:05Z,200,True,4b73468fc5b0f1950f9f66fada70ad3a4f9327cb,lineups/3857268.json,9c1a2c74344433277faec8d412fc4022135fc3c0c8212b7bfb8dc45c381b5112,https://raw.githubusercontent.com/hudl/open-data/4b73468fc5b0f1950f9f66fada70ad3a4f9327cb/data/lineups/3857268.json
23977,2026-09-25T02:25:08Z,200,True,4b73468fc5b0f1950f9f66fada70ad3a4f9327cb,lineups/3857269.json,988327359ef46d64f7a9c33e8724f9b6aa032b78908ff031ab918f76457b3d97,https://raw.githubusercontent.com/hudl/open-data/4b73468fc5b0f1950f9f66fada70ad3a4f9327cb/data/lineups/3857269.json
27021,2026-09-25T02:26:00Z,200,True,4b73468fc5b0f1950f9f66fada70ad3a4f9327cb,lineups/3857270.json,bccc5e2d9cf4040914131953c6fe6a6443e2d05f51d618ba9ce86b3720da8c06,https://raw.githubusercontent.com/hudl/open-data/4b73468fc5b0f1950f9f66fada70ad3a4f9327cb/data/lineups/3857270.json
25857,2026-09-25T02:24:29Z,200,True,4b73468fc5b0f1950f9f66fada70ad3a4f9327cb,lineups/3857271.json,6882a76ac38087cd8e3fac61c855ab4a575d5a4cd003ded84dcf078b22d020e0,https://raw.githubusercontent.com/hudl/open-data/4b73468fc5b0f1950f9f66fada70ad3a4f9327cb/data/lineups/3857271.json
20027,2026-09-25T02:24:35Z,200,True,4b73468fc5b0f1950f9f66fada70ad3a4f9327cb,lineups/3857272.json,872a6f1150659076851cd12811c57ff57cca2f38f72b395503d79904a1f4a734,https://raw.githubusercontent.com/hudl/open-data/4b73468fc5b0f1950f9f66fada70ad3a4f9327cb/data/lineups/3857272.json
24369,2026-09-25T02:24:41Z,200,True,4b73468fc5b0f1950f9f66fada70ad3a4f9327cb,lineups/3857273.json,aa82b8fee96364f12fc7818b754a0dfd0cceb40555837d20fc2afa7ba6d44c8f,https://raw.githubusercontent.com/hudl/open-data/4b73468fc5b0f1950f9f66fada70ad3a4f9327cb/data/lineups/3857273.json
21303,2026-09-25T02:24:32Z,200,True,4b73468fc5b0f1950f9f66fada70ad3a4f9327cb,lineups/3857274.json,270dc8f0f1293bdfc2e65f5165d1205915e640411836157d2e36dfb6ff3e6ebb,https://raw.githubusercontent.com/hudl/open-data/4b73468fc5b0f1950f9f66fada70ad3a4f9327cb/data/lineups/3857274.json
22144,2026-09-25T02:24:43Z,200,True,4b73468fc5b0f1950f9f66fada70ad3a4f9327cb,lineups/3857275.json,fb26cfef3e2cf9f5da2f5dd5f02eea491342be8560b3b85578ac8339fe688dc1,https://raw.githubusercontent.com/hudl/open-data/4b73468fc5b0f1950f9f66fada70ad3a4f9327cb/data/lineups/3857275.json
26376,2026-09-25T02:24:28Z,200,True,4b73468fc5b0f1950f9f66fada70ad3a4f9327cb,lineups/3857276.json,8ee8394d982c81987d8359940489357d409b47a5fa3505ea3a336954566c1344,https://raw.githubusercontent.com/hudl/open-data/4b73468fc5b0f1950f9f66fada70ad3a4f9327cb/data/lineups/3857276.json
22638,2026-09-25T02:24:38Z,200,True,4b73468fc5b0f1950f9f66fada70ad3a4f9327cb,lineups/3857277.json,934bb1bc99468ace96048d8afffc2bb251df100a56fbb70e36fad2c787c059a3,https://raw.githubusercontent.com/hudl/open-data/4b73468fc5b0f1950f9f66fada70ad3a4f9327cb/data/lineups/3857277.json
32269,2026-09-25T02:24:37Z,200,True,4b73468fc5b0f1950f9f66fada70ad3a4f9327cb,lineups/3857278.json,b7ae150a9e9c0ab47f3df65a1b302af42bc4ea1da9b9eaab7b054478ca25a2df,https://raw.githubusercontent.com/hudl/open-data/4b73468fc5b0f1950f9f66fada70ad3a4f9327cb/data/lineups/3857278.json
22584,2026-09-25T02:26:19Z,200,True,4b73468fc5b0f1950f9f66fada70ad3a4f9327cb,lineups/3857279.json,db36c09e27bb6b9dd16019349fef4bf10569734f05bd159de7212d207b6724d5,https://raw.githubusercontent.com/hudl/open-data/4b73468fc5b0f1950f9f66fada70ad3a4f9327cb/data/lineups/3857279.json
20976,2026-09-25T02:26:19Z,200,True,4b73468fc5b0f1950f9f66fada70ad3a4f9327cb,lineups/3857280.json,296bc9107a93e9f1a2d46635f3869f650cfff6e09f52cc52a420d2082240ad1d,https://raw.githubusercontent.com/hudl/open-data/4b73468fc5b0f1950f9f66fada70ad3a4f9327cb/data/lineups/3857280.json
26644,2026-09-25T02:26:15Z,200,True,4b73468fc5b0f1950f9f66fada70ad3a4f9327cb,lineups/3857281.json,a780eba6a3df0a9637869213f9bb79e801c3e831bfb127c3fec7f7c79aece155,https://raw.githubusercontent.com/hudl/open-data/4b73468fc5b0f1950f9f66fada70ad3a4f9327cb/data/lineups/3857281.json
24501,2026-09-25T02:24:50Z,200,True,4b73468fc5b0f1950f9f66fada70ad3a4f9327cb,lineups/3857282.json,f68de472484973f1180f029ef54cefc64d3f08233ce6d57f85dec39451a3b1b9,https://raw.githubusercontent.com/hudl/open-data/4b73468fc5b0f1950f9f66fada70ad3a4f9327cb/data/lineups/3857282.json
24661,2026-09-25T02:26:05Z,200,True,4b73468fc5b0f1950f9f66fada70ad3a4f9327cb,lineups/3857283.json,20b2be6e493d62fec4a3297e5483ffd78bb7c4f8eba77bebb3a4a512e87f7f9a,https://raw.githubusercontent.com/hudl/open-data/4b73468fc5b0f1950f9f66fada70ad3a4f9327cb/data/lineups/3857283.json
24451,2026-09-25T02:24:58Z,200,True,4b73468fc5b0f1950f9f66fada70ad3a4f9327cb,lineups/3857284.json,7d30c3a28f49c9abad53f980fa14113572d6dbe938d157b63a71724f1a0ec2aa,https://raw.githubusercontent.com/hudl/open-data/4b73468fc5b0f1950f9f66fada70ad3a4f9327cb/data/lineups/3857284.json
23463,2026-09-25T02:24:49Z,200,True,4b73468fc5b0f1950f9f66fada70ad3a4f9327cb,lineups/3857285.json,c5afe75827ffb757fb6c65810eba923a3dd689ee75dd82a0a95b59583db24fbf,https://raw.githubusercontent.com/hudl/open-data/4b73468fc5b0f1950f9f66fada70ad3a4f9327cb/data/lineups/3857285.json
23164,2026-09-25T02:26:08Z,200,True,4b73468fc5b0f1950f9f66fada70ad3a4f9327cb,lineups/3857286.json,f6b3ac0825cd7567ef6d36139f455f1890f7e6330908a3c84c88a5a8edb1cedb,https://raw.githubusercontent.com/hudl/open-data/4b73468fc5b0f1950f9f66fada70ad3a4f9327cb/data/lineups/3857286.json
22836,2026-09-25T02:25:32Z,200,True,4b73468fc5b0f1950f9f66fada70ad3a4f9327cb,lineups/3857287.json,696fbe58a4307915a17415b01b8c70ddf98c7cd6717efcdf401fb3e2e1e86692,https://raw.githubusercontent.com/hudl/open-data/4b73468fc5b0f1950f9f66fada70ad3a4f9327cb/data/lineups/3857287.json
24077,2026-09-25T02:25:27Z,200,True,4b73468fc5b0f1950f9f66fada70ad3a4f9327cb,lineups/3857288.json,7833784698ef28d57e3fac7dad5a4822b520e3e4248df69d05b5cbde739d77da,https://raw.githubusercontent.com/hudl/open-data/4b73468fc5b0f1950f9f66fada70ad3a4f9327cb/data/lineups/3857288.json
26336,2026-09-25T02:25:37Z,200,True,4b73468fc5b0f1950f9f66fada70ad3a4f9327cb,lineups/3857289.json,3e5a9e6a51776a2cede2fa83ce835757b4fbfee6e21ef182f69c56db25f3886e,https://raw.githubusercontent.com/hudl/open-data/4b73468fc5b0f1950f9f66fada70ad3a4f9327cb/data/lineups/3857289.json
21977,2026-09-25T02:24:46Z,200,True,4b73468fc5b0f1950f9f66fada70ad3a4f9327cb,lineups/3857290.json,f18e3d0bca2455fc12c31982669036a3ba6059f6a23e4f169552358638a31dd3,https://raw.githubusercontent.com/hudl/open-data/4b73468fc5b0f1950f9f66fada70ad3a4f9327cb/data/lineups/3857290.json
25648,2026-09-25T02:26:14Z,200,True,4b73468fc5b0f1950f9f66fada70ad3a4f9327cb,lineups/3857291.json,f6ccc753755b09e7809a7a67bbd70788d53d69346358ba1aead5335ec515122a,https://raw.githubusercontent.com/hudl/open-data/4b73468fc5b0f1950f9f66fada70ad3a4f9327cb/data/lineups/3857291.json
26416,2026-09-25T02:25:11Z,200,True,4b73468fc5b0f1950f9f66fada70ad3a4f9327cb,lineups/3857292.json,0d824128d22d24ddf2c6558f974ac87bfd2e3511d2c923c75defe09097f932a8,https://raw.githubusercontent.com/hudl/open-data/4b73468fc5b0f1950f9f66fada70ad3a4f9327cb/data/lineups/3857292.json
23879,2026-09-25T02:26:13Z,200,True,4b73468fc5b0f1950f9f66fada70ad3a4f9327cb,lineups/3857293.json,2d32e5412d50b9b0798619993c1bbefd0e303df577cc95174d27ca8c2a4f7ad1,https://raw.githubusercontent.com/hudl/open-data/4b73468fc5b0f1950f9f66fada70ad3a4f9327cb/data/lineups/3857293.json
23658,2026-09-25T02:24:55Z,200,True,4b73468fc5b0f1950f9f66fada70ad3a4f9327cb,lineups/3857294.json,1ba0f7229aab64a3beb0b77ef45ffda41512c4022fd413fce65a8c1ba63bbd8b,https://raw.githubusercontent.com/hudl/open-data/4b73468fc5b0f1950f9f66fada70ad3a4f9327cb/data/lineups/3857294.json
26120,2026-09-25T02:25:16Z,200,True,4b73468fc5b0f1950f9f66fada70ad3a4f9327cb,lineups/3857295.json,1646337466545ab2ff3e7ab895a9f6a2770de4e291685dcef6618c3af8845420,https://raw.githubusercontent.com/hudl/open-data/4b73468fc5b0f1950f9f66fada70ad3a4f9327cb/data/lineups/3857295.json
22230,2026-09-25T02:24:29Z,200,True,4b73468fc5b0f1950f9f66fada70ad3a4f9327cb,lineups/3857296.json,0522956ded02f96307beba2c8ae417ba348c6212c9dee89572687be7c4349aa3,https://raw.githubusercontent.com/hudl/open-data/4b73468fc5b0f1950f9f66fada70ad3a4f9327cb/data/lineups/3857296.json
25150,2026-09-25T02:24:52Z,200,True,4b73468fc5b0f1950f9f66fada70ad3a4f9327cb,lineups/3857297.json,817445ed67e32011d4c280bc7a8ed0b73335e01a6a920abdcef3a9eb863a3b97,https://raw.githubusercontent.com/hudl/open-data/4b73468fc5b0f1950f9f66fada70ad3a4f9327cb/data/lineups/3857297.json
26032,2026-09-25T02:24:48Z,200,True,4b73468fc5b0f1950f9f66fada70ad3a4f9327cb,lineups/3857298.json,d978be352456ab59a310b9224cb59caea04413e3e64ceeb6e7982c81af23fbe8,https://raw.githubusercontent.com/hudl/open-data/4b73468fc5b0f1950f9f66fada70ad3a4f9327cb/data/lineups/3857298.json
24474,2026-09-25T02:26:11Z,200,True,4b73468fc5b0f1950f9f66fada70ad3a4f9327cb,lineups/3857299.json,b85ae31c60769b0e48df5e57c4d07d9e33b93fcb2dbb3f67ac56572f2279b0a2,https://raw.githubusercontent.com/hudl/open-data/4b73468fc5b0f1950f9f66fada70ad3a4f9327cb/data/lineups/3857299.json
25095,2026-09-25T02:26:09Z,200,True,4b73468fc5b0f1950f9f66fada70ad3a4f9327cb,lineups/3857300.json,70ceff291a4b74e8a33d8eb05dc1d4c03ba69f2576a57b43992abdeea2264616,https://raw.githubusercontent.com/hudl/open-data/4b73468fc5b0f1950f9f66fada70ad3a4f9327cb/data/lineups/3857300.json
25100,2026-09-25T02:25:04Z,200,True,4b73468fc5b0f1950f9f66fada70ad3a4f9327cb,lineups/3857301.json,f689ff6a29feae59d432f8af95197e856e14ef0209de7e3a0551b4e7191f334f,https://raw.githubusercontent.com/hudl/open-data/4b73468fc5b0f1950f9f66fada70ad3a4f9327cb/data/lineups/3857301.json
24517,2026-09-25T02:25:59Z,200,True,4b73468fc5b0f1950f9f66fada70ad3a4f9327cb,lineups/3869117.json,5ff2d065508d7b10fd68b2fe0da4982b7f6d4acaeda4d74d4a4087d5fb71d8c6,https://raw.githubusercontent.com/hudl/open-data/4b73468fc5b0f1950f9f66fada70ad3a4f9327cb/data/lineups/3869117.json
22109,2026-09-25T02:25:42Z,200,True,4b73468fc5b0f1950f9f66fada70ad3a4f9327cb,lineups/3869118.json,d9849b6ff9a3789970bda1552d0e8ff93cedd6fceaebc667b0d512a924c8e814,https://raw.githubusercontent.com/hudl/open-data/4b73468fc5b0f1950f9f66fada70ad3a4f9327cb/data/lineups/3869118.json
27598,2026-09-25T02:25:21Z,200,True,4b73468fc5b0f1950f9f66fada70ad3a4f9327cb,lineups/3869151.json,f23a3848aa58e7c72c7f27825064bfd7242a62b6a7931684cffb9d3cc5a08459,https://raw.githubusercontent.com/hudl/open-data/4b73468fc5b0f1950f9f66fada70ad3a4f9327cb/data/lineups/3869151.json
21798,2026-09-25T02:25:55Z,200,True,4b73468fc5b0f1950f9f66fada70ad3a4f9327cb,lineups/3869152.json,3d6dca63c46aee751d2ad794315ed3707500cf34d14b73b18280aef38df9053d,https://raw.githubusercontent.com/hudl/open-data/4b73468fc5b0f1950f9f66fada70ad3a4f9327cb/data/lineups/3869152.json
22213,2026-09-25T02:25:52Z,200,True,4b73468fc5b0f1950f9f66fada70ad3a4f9327cb,lineups/3869219.json,51c7be61c1e39280b63595a7e45e2d93faa027e7a5d1e97c47c3b8c1705b31d8,https://raw.githubusercontent.com/hudl/open-data/4b73468fc5b0f1950f9f66fada70ad3a4f9327cb/data/lineups/3869219.json
26259,2026-09-25T02:25:50Z,200,True,4b73468fc5b0f1950f9f66fada70ad3a4f9327cb,lineups/3869220.json,3cda245c7c3786fbbb83d931d2ba247cde09371142dbc1e54c6aee9e0bf1c6e3,https://raw.githubusercontent.com/hudl/open-data/4b73468fc5b0f1950f9f66fada70ad3a4f9327cb/data/lineups/3869220.json
23061,2026-09-25T02:25:55Z,200,True,4b73468fc5b0f1950f9f66fada70ad3a4f9327cb,lineups/3869253.json,e3f4ed56925aa46344679be7606e8f8db9925d039b0a176fc4ad15f45d472497,https://raw.githubusercontent.com/hudl/open-data/4b73468fc5b0f1950f9f66fada70ad3a4f9327cb/data/lineups/3869253.json
25693,2026-09-25T02:25:39Z,200,True,4b73468fc5b0f1950f9f66fada70ad3a4f9327cb,lineups/3869254.json,645de5522e63633e80819168221410a3dd7f06e07527aed17edc70308ae4b7aa,https://raw.githubusercontent.com/hudl/open-data/4b73468fc5b0f1950f9f66fada70ad3a4f9327cb/data/lineups/3869254.json
29944,2026-09-25T02:25:09Z,200,True,4b73468fc5b0f1950f9f66fada70ad3a4f9327cb,lineups/3869321.json,c3e75882a4f22945a1843392cfbdf751f4dd171e474ed83e189f1e73037d9d33,https://raw.githubusercontent.com/hudl/open-data/4b73468fc5b0f1950f9f66fada70ad3a4f9327cb/data/lineups/3869321.json
19550,2026-09-25T02:25:46Z,200,True,4b73468fc5b0f1950f9f66fada70ad3a4f9327cb,lineups/3869354.json,526af08fd372b2f8530dfdd8e4dd523cf9b2efc9eabd2afb9d710895dda9b828,https://raw.githubusercontent.com/hudl/open-data/4b73468fc5b0f1950f9f66fada70ad3a4f9327cb/data/lineups/3869354.json
24352,2026-09-25T02:25:49Z,200,True,4b73468fc5b0f1950f9f66fada70ad3a4f9327cb,lineups/3869420.json,7adac6a5d1afcfe0934bbd05e689eb6f27057ade8e6e332fcbcdfecd4a31f3e0,https://raw.githubusercontent.com/hudl/open-data/4b73468fc5b0f1950f9f66fada70ad3a4f9327cb/data/lineups/3869420.json
27536,2026-09-25T02:25:33Z,200,True,4b73468fc5b0f1950f9f66fada70ad3a4f9327cb,lineups/3869486.json,78659c3285c14d81ea21598b96958345c51107680de79f28b9359f4f7b8c2490,https://raw.githubusercontent.com/hudl/open-data/4b73468fc5b0f1950f9f66fada70ad3a4f9327cb/data/lineups/3869486.json
24059,2026-09-25T02:25:43Z,200,True,4b73468fc5b0f1950f9f66fada70ad3a4f9327cb,lineups/3869519.json,887bd2914c6eb9ab37d6ecfa6958c07562a7d69197ade5c6fabbf7228246c5bd,https://raw.githubusercontent.com/hudl/open-data/4b73468fc5b0f1950f9f66fada70ad3a4f9327cb/data/lineups/3869519.json
23531,2026-09-25T02:25:47Z,200,True,4b73468fc5b0f1950f9f66fada70ad3a4f9327cb,lineups/3869552.json,ebacdba884e59e2e373bf7fdcde49d55e777713d2499db465340fd8be2e33706,https://raw.githubusercontent.com/hudl/open-data/4b73468fc5b0f1950f9f66fada70ad3a4f9327cb/data/lineups/3869552.json
23320,2026-09-25T02:25:18Z,200,True,4b73468fc5b0f1950f9f66fada70ad3a4f9327cb,lineups/3869684.json,dce1ba242eed15a7585725db6c6de7d338d5a9a2cba3127232a74a6f4353e0ca,https://raw.githubusercontent.com/hudl/open-data/4b73468fc5b0f1950f9f66fada70ad3a4f9327cb/data/lineups/3869684.json
28432,2026-09-25T02:25:16Z,200,True,4b73468fc5b0f1950f9f66fada70ad3a4f9327cb,lineups/3869685.json,2b00c4cbf027b36ae2ce99f183a0943c649bb5bdcb8324683a8603785beffed5,https://raw.githubusercontent.com/hudl/open-data/4b73468fc5b0f1950f9f66fada70ad3a4f9327cb/data/lineups/3869685.json
24091,2026-09-25T02:28:04Z,200,True,4b73468fc5b0f1950f9f66fada70ad3a4f9327cb,lineups/3930158.json,31ed1398a93ff703481bf5b87f423945796667e785eb03f5e3a06441c0a8bf7d,https://raw.githubusercontent.com/hudl/open-data/4b73468fc5b0f1950f9f66fada70ad3a4f9327cb/data/lineups/3930158.json
23346,2026-09-25T02:26:25Z,200,True,4b73468fc5b0f1950f9f66fada70ad3a4f9327cb,lineups/3930159.json,7af2a185c4eff30052175b515b5e657b7939b82b405c8c4e987f1f89fe9e5f77,https://raw.githubusercontent.com/hudl/open-data/4b73468fc5b0f1950f9f66fada70ad3a4f9327cb/data/lineups/3930159.json
23081,2026-09-25T02:26:34Z,200,True,4b73468fc5b0f1950f9f66fada70ad3a4f9327cb,lineups/3930160.json,8251e1dbfffad5d019ac4769cb578e9aa1cd122e947649e3e153a41a74f20c13,https://raw.githubusercontent.com/hudl/open-data/4b73468fc5b0f1950f9f66fada70ad3a4f9327cb/data/lineups/3930160.json
21967,2026-09-25T02:27:59Z,200,True,4b73468fc5b0f1950f9f66fada70ad3a4f9327cb,lineups/3930161.json,a2ae56fdd84d579b0efa52142556329931a33496f0a25f99fc3ebfbeac9da448,https://raw.githubusercontent.com/hudl/open-data/4b73468fc5b0f1950f9f66fada70ad3a4f9327cb/data/lineups/3930161.json
22507,2026-09-25T02:26:59Z,200,True,4b73468fc5b0f1950f9f66fada70ad3a4f9327cb,lineups/3930162.json,fe8e32d98b6ce0e0ce25ac7401713573f0b9506e4b43122d7422e9c6023c280a,https://raw.githubusercontent.com/hudl/open-data/4b73468fc5b0f1950f9f66fada70ad3a4f9327cb/data/lineups/3930162.json
24574,2026-09-25T02:26:27Z,200,True,4b73468fc5b0f1950f9f66fada70ad3a4f9327cb,lineups/3930163.json,67071468e36d08da99ecb3f9e2cf158ef3e4b0e9f85b130870255d2f6f840172,https://raw.githubusercontent.com/hudl/open-data/4b73468fc5b0f1950f9f66fada70ad3a4f9327cb/data/lineups/3930163.json
25816,2026-09-25T02:27:55Z,200,True,4b73468fc5b0f1950f9f66fada70ad3a4f9327cb,lineups/3930164.json,3c4063c282496b59e018f296eb39bc7272092c912865cc0cea0a6bc074d391c0,https://raw.githubusercontent.com/hudl/open-data/4b73468fc5b0f1950f9f66fada70ad3a4f9327cb/data/lineups/3930164.json
24485,2026-09-25T02:27:54Z,200,True,4b73468fc5b0f1950f9f66fada70ad3a4f9327cb,lineups/3930165.json,7f4d1bcaadddf14c23cd482f5d49c3b80480af9eb14823e04d984f62545eacb0,https://raw.githubusercontent.com/hudl/open-data/4b73468fc5b0f1950f9f66fada70ad3a4f9327cb/data/lineups/3930165.json
26550,2026-09-25T02:26:24Z,200,True,4b73468fc5b0f1950f9f66fada70ad3a4f9327cb,lineups/3930166.json,728b1bc41eecd3ae8773b923b3cb6c371345d776c1e12a9ef6f969c41587ee82,https://raw.githubusercontent.com/hudl/open-data/4b73468fc5b0f1950f9f66fada70ad3a4f9327cb/data/lineups/3930166.json
23033,2026-09-25T02:27:51Z,200,True,4b73468fc5b0f1950f9f66fada70ad3a4f9327cb,lineups/3930167.json,9f1774f30df02e4d94bdf590ab78f91a5ecd17a1ba7e98f5bbbe283a80f0771f,https://raw.githubusercontent.com/hudl/open-data/4b73468fc5b0f1950f9f66fada70ad3a4f9327cb/data/lineups/3930167.json
23825,2026-09-25T02:27:53Z,200,True,4b73468fc5b0f1950f9f66fada70ad3a4f9327cb,lineups/3930168.json,84e9cf4b0fc3fe62ab44b0f1c379385ec58afca77d0e7d7b24e7060f483c37c0,https://raw.githubusercontent.com/hudl/open-data/4b73468fc5b0f1950f9f66fada70ad3a4f9327cb/data/lineups/3930168.json
21923,2026-09-25T02:27:02Z,200,True,4b73468fc5b0f1950f9f66fada70ad3a4f9327cb,lineups/3930169.json,4ddb08f1c966937f11f0dab59af59d58d6d6be065c3fbd6abc025e27f8e74814,https://raw.githubusercontent.com/hudl/open-data/4b73468fc5b0f1950f9f66fada70ad3a4f9327cb/data/lineups/3930169.json
26659,2026-09-25T02:26:36Z,200,True,4b73468fc5b0f1950f9f66fada70ad3a4f9327cb,lineups/3930170.json,3c2f0d606323e8c20f733aad053e2c97ca724e6e4f1636a73d30b98be6620ddb,https://raw.githubusercontent.com/hudl/open-data/4b73468fc5b0f1950f9f66fada70ad3a4f9327cb/data/lineups/3930170.json
22863,2026-09-25T02:27:17Z,200,True,4b73468fc5b0f1950f9f66fada70ad3a4f9327cb,lineups/3930171.json,a62b14be292ce67e3f051a83f2415bd6e3159543b76d377296847d1ad86d86b4,https://raw.githubusercontent.com/hudl/open-data/4b73468fc5b0f1950f9f66fada70ad3a4f9327cb/data/lineups/3930171.json
22929,2026-09-25T02:27:48Z,200,True,4b73468fc5b0f1950f9f66fada70ad3a4f9327cb,lineups/3930172.json,1c5d8a27c9e6286bd200e456fa29e9a52fa358a42c7fa84cef1699f251bb6064,https://raw.githubusercontent.com/hudl/open-data/4b73468fc5b0f1950f9f66fada70ad3a4f9327cb/data/lineups/3930172.json
20843,2026-09-25T02:27:47Z,200,True,4b73468fc5b0f1950f9f66fada70ad3a4f9327cb,lineups/3930173.json,932d444ef50b92af5899ea16a5a10b3c442002fc819305cd4d5c54a0f4283c85,https://raw.githubusercontent.com/hudl/open-data/4b73468fc5b0f1950f9f66fada70ad3a4f9327cb/data/lineups/3930173.json
22919,2026-09-25T02:26:57Z,200,True,4b73468fc5b0f1950f9f66fada70ad3a4f9327cb,lineups/3930174.json,a3a9100cf662569c842adb392a471a0b7efa4c2c9e67d335a9dc5e6499f562f5,https://raw.githubusercontent.com/hudl/open-data/4b73468fc5b0f1950f9f66fada70ad3a4f9327cb/data/lineups/3930174.json
21206,2026-09-25T02:28:03Z,200,True,4b73468fc5b0f1950f9f66fada70ad3a4f9327cb,lineups/3930175.json,535be8a887d565c1193ca460a244e571c45d1b315470cb1d63742a0bd6c6b23d,https://raw.githubusercontent.com/hudl/open-data/4b73468fc5b0f1950f9f66fada70ad3a4f9327cb/data/lineups/3930175.json
22765,2026-09-25T02:27:01Z,200,True,4b73468fc5b0f1950f9f66fada70ad3a4f9327cb,lineups/3930176.json,bfd81b69d5ea5859992807e9bc005b2529cae31f898ffefd64397d5992ce3d8a,https://raw.githubusercontent.com/hudl/open-data/4b73468fc5b0f1950f9f66fada70ad3a4f9327cb/data/lineups/3930176.json
23658,2026-09-25T02:27:45Z,200,True,4b73468fc5b0f1950f9f66fada70ad3a4f9327cb,lineups/3930177.json,8c119750562629f9c5d1b8abd82f4dd5944875b25ce0d5a1ba5fd70f7203c016,https://raw.githubusercontent.com/hudl/open-data/4b73468fc5b0f1950f9f66fada70ad3a4f9327cb/data/lineups/3930177.json
25844,2026-09-25T02:26:31Z,200,True,4b73468fc5b0f1950f9f66fada70ad3a4f9327cb,lineups/3930178.json,4b5cb43fbf79a3ec1e81092e8e5e62b423aa13dff001481c46ffa77570033ffd,https://raw.githubusercontent.com/hudl/open-data/4b73468fc5b0f1950f9f66fada70ad3a4f9327cb/data/lineups/3930178.json
20312,2026-09-25T02:27:38Z,200,True,4b73468fc5b0f1950f9f66fada70ad3a4f9327cb,lineups/3930179.json,4f9e385a01b6257229b7e14453b8da00390b8e66b3cb009b371eaa3de91e2f32,https://raw.githubusercontent.com/hudl/open-data/4b73468fc5b0f1950f9f66fada70ad3a4f9327cb/data/lineups/3930179.json
23039,2026-09-25T02:27:17Z,200,True,4b73468fc5b0f1950f9f66fada70ad3a4f9327cb,lineups/3930180.json,09c76122493be9fb397a155bd6ba2be19e1dba5b3de40bd44efa1fcaeb6e3a1f,https://raw.githubusercontent.com/hudl/open-data/4b73468fc5b0f1950f9f66fada70ad3a4f9327cb/data/lineups/3930180.json
21106,2026-09-25T02:26:29Z,200,True,4b73468fc5b0f1950f9f66fada70ad3a4f9327cb,lineups/3930181.json,9fe7148a503967ea996d7b792391516b3b9c6a4946af791bead30af2c80e9852,https://raw.githubusercontent.com/hudl/open-data/4b73468fc5b0f1950f9f66fada70ad3a4f9327cb/data/lineups/3930181.json
24648,2026-09-25T02:27:35Z,200,True,4b73468fc5b0f1950f9f66fada70ad3a4f9327cb,lineups/3930182.json,b3181d5b6f49e5ca1d1ecf641bbe5d7a594f99e2fdf447a46d71037bd2911787,https://raw.githubusercontent.com/hudl/open-data/4b73468fc5b0f1950f9f66fada70ad3a4f9327cb/data/lineups/3930182.json
21623,2026-09-25T02:28:02Z,200,True,4b73468fc5b0f1950f9f66fada70ad3a4f9327cb,lineups/3930183.json,1e05b30d53c8c87bc2df6743a553dfa8eb2f6629c1eb0bb556b1a87ab2f1cb00,https://raw.githubusercontent.com/hudl/open-data/4b73468fc5b0f1950f9f66fada70ad3a4f9327cb/data/lineups/3930183.json
25688,2026-09-25T02:27:24Z,200,True,4b73468fc5b0f1950f9f66fada70ad3a4f9327cb,lineups/3930184.json,76dc01f5ff72f6a333108c8cdbdad6108c71720910483947a91857c5b7c93fdc,https://raw.githubusercontent.com/hudl/open-data/4b73468fc5b0f1950f9f66fada70ad3a4f9327cb/data/lineups/3930184.json
24148,2026-09-25T02:26:50Z,200,True,4b73468fc5b0f1950f9f66fada70ad3a4f9327cb,lineups/3938637.json,5f0be18b81fd03a1875d7c7a5b8779573c3df62406b0bbf4bfeeb4bd06761c59,https://raw.githubusercontent.com/hudl/open-data/4b73468fc5b0f1950f9f66fada70ad3a4f9327cb/data/lineups/3938637.json
24977,2026-09-25T02:26:45Z,200,True,4b73468fc5b0f1950f9f66fada70ad3a4f9327cb,lineups/3938638.json,c48012616b9d1057997ee7bceaff24d7d712de54e951c9d4bc2e01d0e5f16554,https://raw.githubusercontent.com/hudl/open-data/4b73468fc5b0f1950f9f66fada70ad3a4f9327cb/data/lineups/3938638.json
26628,2026-09-25T02:26:43Z,200,True,4b73468fc5b0f1950f9f66fada70ad3a4f9327cb,lineups/3938639.json,cb17f4feb72143509e1037862a228314d98ebae5841fb4a46c0858a56949b234,https://raw.githubusercontent.com/hudl/open-data/4b73468fc5b0f1950f9f66fada70ad3a4f9327cb/data/lineups/3938639.json
23306,2026-09-25T02:26:49Z,200,True,4b73468fc5b0f1950f9f66fada70ad3a4f9327cb,lineups/3938640.json,946822eecde4116d2aadc3703f0cc32a554a5223fe594247eba5ef5f17398706,https://raw.githubusercontent.com/hudl/open-data/4b73468fc5b0f1950f9f66fada70ad3a4f9327cb/data/lineups/3938640.json
25392,2026-09-25T02:26:40Z,200,True,4b73468fc5b0f1950f9f66fada70ad3a4f9327cb,lineups/3938641.json,bb185bdb1cae4c116ddcf214e3222fead3b6136b9fe90fa274b6bd1ddd88b552,https://raw.githubusercontent.com/hudl/open-data/4b73468fc5b0f1950f9f66fada70ad3a4f9327cb/data/lineups/3938641.json
23230,2026-09-25T02:26:41Z,200,True,4b73468fc5b0f1950f9f66fada70ad3a4f9327cb,lineups/3938642.json,535d0ab6aea1b304df85556e99f3271e85f4049d6beb25f2188a7020f9af4c9d,https://raw.githubusercontent.com/hudl/open-data/4b73468fc5b0f1950f9f66fada70ad3a4f9327cb/data/lineups/3938642.json
22637,2026-09-25T02:26:37Z,200,True,4b73468fc5b0f1950f9f66fada70ad3a4f9327cb,lineups/3938643.json,ccfedbeb446d3607bdc91764c86a51347682573cf97b6487ab8b146057e1fac1,https://raw.githubusercontent.com/hudl/open-data/4b73468fc5b0f1950f9f66fada70ad3a4f9327cb/data/lineups/3938643.json
22811,2026-09-25T02:26:50Z,200,True,4b73468fc5b0f1950f9f66fada70ad3a4f9327cb,lineups/3938644.json,a4cd9ea08ee48273701955e6b562d0268b389efc0a61fdad2aa20634b3bd7105,https://raw.githubusercontent.com/hudl/open-data/4b73468fc5b0f1950f9f66fada70ad3a4f9327cb/data/lineups/3938644.json
22556,2026-09-25T02:27:21Z,200,True,4b73468fc5b0f1950f9f66fada70ad3a4f9327cb,lineups/3938645.json,f619cfeabce80c248c9b024633f0112fe4ee2d0a2125e837a52bd861778ffcc0,https://raw.githubusercontent.com/hudl/open-data/4b73468fc5b0f1950f9f66fada70ad3a4f9327cb/data/lineups/3938645.json
23776,2026-09-25T02:27:43Z,200,True,4b73468fc5b0f1950f9f66fada70ad3a4f9327cb,lineups/3940878.json,d379cfa4313f4ed6d073548847dd831039b6a92e7d6318c8cae877aa41e2c59b,https://raw.githubusercontent.com/hudl/open-data/4b73468fc5b0f1950f9f66fada70ad3a4f9327cb/data/lineups/3940878.json
24784,2026-09-25T02:27:39Z,200,True,4b73468fc5b0f1950f9f66fada70ad3a4f9327cb,lineups/3940983.json,12f16fa6196801b6eb2c8d08de6d980b571f1763fc12cc207c84ba06678a8f12,https://raw.githubusercontent.com/hudl/open-data/4b73468fc5b0f1950f9f66fada70ad3a4f9327cb/data/lineups/3940983.json
33602,2026-09-25T02:27:33Z,200,True,4b73468fc5b0f1950f9f66fada70ad3a4f9327cb,lineups/3941017.json,1628194734debf09509593f45a43c4704e99b3161d0b22fa5b758b05834b62a4,https://raw.githubusercontent.com/hudl/open-data/4b73468fc5b0f1950f9f66fada70ad3a4f9327cb/data/lineups/3941017.json
24197,2026-09-25T02:27:30Z,200,True,4b73468fc5b0f1950f9f66fada70ad3a4f9327cb,lineups/3941018.json,501e1ebf76e9fc76e34f52b93372ee92ee48529fce37222df75d79b75108b0d2,https://raw.githubusercontent.com/hudl/open-data/4b73468fc5b0f1950f9f66fada70ad3a4f9327cb/data/lineups/3941018.json
20199,2026-09-25T02:26:52Z,200,True,4b73468fc5b0f1950f9f66fada70ad3a4f9327cb,lineups/3941019.json,19e89f3aa313c45d08b9e147bb277c6e384400ed5618e2a5105699c7194a06b4,https://raw.githubusercontent.com/hudl/open-data/4b73468fc5b0f1950f9f66fada70ad3a4f9327cb/data/lineups/3941019.json
26159,2026-09-25T02:27:28Z,200,True,4b73468fc5b0f1950f9f66fada70ad3a4f9327cb,lineups/3941020.json,9fd22fa251f5e566d0591a64b133e18d38935f60c1553c605196affbb13f3f13,https://raw.githubusercontent.com/hudl/open-data/4b73468fc5b0f1950f9f66fada70ad3a4f9327cb/data/lineups/3941020.json
24150,2026-09-25T02:27:27Z,200,True,4b73468fc5b0f1950f9f66fada70ad3a4f9327cb,lineups/3941021.json,2730a67e407c830bbbb02556016a447446520eb74b025715618a0754073635a1,https://raw.githubusercontent.com/hudl/open-data/4b73468fc5b0f1950f9f66fada70ad3a4f9327cb/data/lineups/3941021.json
22698,2026-09-25T02:27:26Z,200,True,4b73468fc5b0f1950f9f66fada70ad3a4f9327cb,lineups/3941022.json,59451ba2c258912c466a43983a0422868eb287fc12defaa05daac2753382c2c4,https://raw.githubusercontent.com/hudl/open-data/4b73468fc5b0f1950f9f66fada70ad3a4f9327cb/data/lineups/3941022.json
30191,2026-09-25T02:27:20Z,200,True,4b73468fc5b0f1950f9f66fada70ad3a4f9327cb,lineups/3942226.json,ad20455a175e9a6c76212807a7cc710396b56dac2a809576a6df4db41371240c,https://raw.githubusercontent.com/hudl/open-data/4b73468fc5b0f1950f9f66fada70ad3a4f9327cb/data/lineups/3942226.json
27582,2026-09-25T02:26:55Z,200,True,4b73468fc5b0f1950f9f66fada70ad3a4f9327cb,lineups/3942227.json,ecf96ceda3569c37e8b2a423664a180bb334f03e935e512916f360d427c18555,https://raw.githubusercontent.com/hudl/open-data/4b73468fc5b0f1950f9f66fada70ad3a4f9327cb/data/lineups/3942227.json
24334,2026-09-25T02:27:12Z,200,True,4b73468fc5b0f1950f9f66fada70ad3a4f9327cb,lineups/3942349.json,73551aee0bac6659cc5b6323c9b229a06ce43db744ea4a58e729908540323c54,https://raw.githubusercontent.com/hudl/open-data/4b73468fc5b0f1950f9f66fada70ad3a4f9327cb/data/lineups/3942349.json
24804,2026-09-25T02:27:12Z,200,True,4b73468fc5b0f1950f9f66fada70ad3a4f9327cb,lineups/3942382.json,f3ee7bc24909b1dbe0c7ddab8c3ab958ba25513afab51717bb712bece75897dd,https://raw.githubusercontent.com/hudl/open-data/4b73468fc5b0f1950f9f66fada70ad3a4f9327cb/data/lineups/3942382.json
24012,2026-09-25T02:27:11Z,200,True,4b73468fc5b0f1950f9f66fada70ad3a4f9327cb,lineups/3942752.json,7356373c020bd0d6130a0145b9195757b543460f93adf6ef425fb2d135672748,https://raw.githubusercontent.com/hudl/open-data/4b73468fc5b0f1950f9f66fada70ad3a4f9327cb/data/lineups/3942752.json
22391,2026-09-25T02:27:06Z,200,True,4b73468fc5b0f1950f9f66fada70ad3a4f9327cb,lineups/3942819.json,52883db390269abc342ec01f84bbbc4570814693ba48ca20238b50a9f3535b1c,https://raw.githubusercontent.com/hudl/open-data/4b73468fc5b0f1950f9f66fada70ad3a4f9327cb/data/lineups/3942819.json
22384,2026-09-25T02:27:08Z,200,True,4b73468fc5b0f1950f9f66fada70ad3a4f9327cb,lineups/3943043.json,87c60cf6326b718cc419b18620980d1df88ee8499c2301e7124dbc86ec610603,https://raw.githubusercontent.com/hudl/open-data/4b73468fc5b0f1950f9f66fada70ad3a4f9327cb/data/lineups/3943043.json
119132,2026-09-25T02:24:28Z,200,True,4b73468fc5b0f1950f9f66fada70ad3a4f9327cb,matches/43/106.json,b9d7516dc9919a825f04c204ca85487958c8a2431e84140a48e944934661efc7,https://raw.githubusercontent.com/hudl/open-data/4b73468fc5b0f1950f9f66fada70ad3a4f9327cb/data/matches/43/106.json
93280,2026-09-25T02:24:28Z,200,True,4b73468fc5b0f1950f9f66fada70ad3a4f9327cb,matches/55/282.json,70aa07d8a73e899d501c3edcd39b4bea0d4ae1d48bce7b59c4619869a13adc1b,https://raw.githubusercontent.com/hudl/open-data/4b73468fc5b0f1950f9f66fada70ad3a4f9327cb/data/matches/55/282.json
5803649,2026-09-25T02:25:03Z,200,True,4b73468fc5b0f1950f9f66fada70ad3a4f9327cb,three-sixty/3857254.json,db9eda101e668f5aa5e8881b66dac5947222e2266d4fe375b3b1933afa3b883a,https://raw.githubusercontent.com/hudl/open-data/4b73468fc5b0f1950f9f66fada70ad3a4f9327cb/data/three-sixty/3857254.json
9616110,2026-09-25T02:24:43Z,200,True,4b73468fc5b0f1950f9f66fada70ad3a4f9327cb,three-sixty/3857255.json,a1b5edda4b5714ea2ff609935757d730010349db49c25e9df3a1493fdf648246,https://raw.githubusercontent.com/hudl/open-data/4b73468fc5b0f1950f9f66fada70ad3a4f9327cb/data/three-sixty/3857255.json
6170767,2026-09-25T02:25:25Z,200,True,4b73468fc5b0f1950f9f66fada70ad3a4f9327cb,three-sixty/3857256.json,03edb94903ff56579de297edda28a0356a5dba49c9540b62f2b95b7f398618dc,https://raw.githubusercontent.com/hudl/open-data/4b73468fc5b0f1950f9f66fada70ad3a4f9327cb/data/three-sixty/3857256.json
6467461,2026-09-25T02:25:33Z,200,True,4b73468fc5b0f1950f9f66fada70ad3a4f9327cb,three-sixty/3857257.json,4f97e834c94e9ddfb714a6a359cca3fc23227ff2e8bb3483fbe78f357ea4c6ca,https://raw.githubusercontent.com/hudl/open-data/4b73468fc5b0f1950f9f66fada70ad3a4f9327cb/data/three-sixty/3857257.json
7978673,2026-09-25T02:25:32Z,200,True,4b73468fc5b0f1950f9f66fada70ad3a4f9327cb,three-sixty/3857258.json,66ba192140a835d1cbfecc3d188498517ab076d5fb5778bf5058c9735bd03b1e,https://raw.githubusercontent.com/hudl/open-data/4b73468fc5b0f1950f9f66fada70ad3a4f9327cb/data/three-sixty/3857258.json
6047139,2026-09-25T02:26:11Z,200,True,4b73468fc5b0f1950f9f66fada70ad3a4f9327cb,three-sixty/3857259.json,9148a9d4de1710998ed7010f6aed05793a16c1b0944174919bc7e2fca4b09109,https://raw.githubusercontent.com/hudl/open-data/4b73468fc5b0f1950f9f66fada70ad3a4f9327cb/data/three-sixty/3857259.json
5905505,2026-09-25T02:25:40Z,200,True,4b73468fc5b0f1950f9f66fada70ad3a4f9327cb,three-sixty/3857260.json,28811a45e1e1f0884052b7a5170e98d8084ac593b0030e6baa6fd8804b4d3c43,https://raw.githubusercontent.com/hudl/open-data/4b73468fc5b0f1950f9f66fada70ad3a4f9327cb/data/three-sixty/3857260.json
7374191,2026-09-25T02:24:49Z,200,True,4b73468fc5b0f1950f9f66fada70ad3a4f9327cb,three-sixty/3857261.json,e72e90120951126cd1f961f42b7957dd3aba16b519d8161cbf8c522216fa66ab,https://raw.githubusercontent.com/hudl/open-data/4b73468fc5b0f1950f9f66fada70ad3a4f9327cb/data/three-sixty/3857261.json
5931869,2026-09-25T02:26:25Z,200,True,4b73468fc5b0f1950f9f66fada70ad3a4f9327cb,three-sixty/3857262.json,5cdf801df30e51407af90209d6cebed74de686a3223a177906ac1c324139d28d,https://raw.githubusercontent.com/hudl/open-data/4b73468fc5b0f1950f9f66fada70ad3a4f9327cb/data/three-sixty/3857262.json
7361594,2026-09-25T02:26:08Z,200,True,4b73468fc5b0f1950f9f66fada70ad3a4f9327cb,three-sixty/3857263.json,d116ce3b56d275518315902830458d8ed263221d85c7f1481605ac6b35b92549,https://raw.githubusercontent.com/hudl/open-data/4b73468fc5b0f1950f9f66fada70ad3a4f9327cb/data/three-sixty/3857263.json
9071093,2026-09-25T02:25:45Z,200,True,4b73468fc5b0f1950f9f66fada70ad3a4f9327cb,three-sixty/3857264.json,7eb6be57a25c9d4587e821768ae42b0ac919c6405dfb1c7927eca7b464ed44a2,https://raw.githubusercontent.com/hudl/open-data/4b73468fc5b0f1950f9f66fada70ad3a4f9327cb/data/three-sixty/3857264.json
6641530,2026-09-25T02:25:07Z,200,True,4b73468fc5b0f1950f9f66fada70ad3a4f9327cb,three-sixty/3857265.json,d9f1bf942c3e6c401879210d915cee7fe22ba3e44ab38d15dd6d7f25d01d67ad,https://raw.githubusercontent.com/hudl/open-data/4b73468fc5b0f1950f9f66fada70ad3a4f9327cb/data/three-sixty/3857265.json
8007459,2026-09-25T02:25:05Z,200,True,4b73468fc5b0f1950f9f66fada70ad3a4f9327cb,three-sixty/3857266.json,4f592b027ffcfd7bbe6d140c3c1a60d4752fdc50e3400be353265bff328266c3,https://raw.githubusercontent.com/hudl/open-data/4b73468fc5b0f1950f9f66fada70ad3a4f9327cb/data/three-sixty/3857266.json
4958917,2026-09-25T02:25:34Z,200,True,4b73468fc5b0f1950f9f66fada70ad3a4f9327cb,three-sixty/3857267.json,658d3b2191e84cdfe7cecf67092ac42ae6ac04987144f533d7b84894dc9b71c4,https://raw.githubusercontent.com/hudl/open-data/4b73468fc5b0f1950f9f66fada70ad3a4f9327cb/data/three-sixty/3857267.json
7735728,2026-09-25T02:25:15Z,200,True,4b73468fc5b0f1950f9f66fada70ad3a4f9327cb,three-sixty/3857268.json,d7ec49bf8720e7f9ee2abb1e5dc6125c51bdb475dc23e26a4239d8a87102a200,https://raw.githubusercontent.com/hudl/open-data/4b73468fc5b0f1950f9f66fada70ad3a4f9327cb/data/three-sixty/3857268.json
7959588,2026-09-25T02:25:15Z,200,True,4b73468fc5b0f1950f9f66fada70ad3a4f9327cb,three-sixty/3857269.json,ac5b3fc0ef971d7711f8ff33f241fc767c699df3912d49836c1b86988b674657,https://raw.githubusercontent.com/hudl/open-data/4b73468fc5b0f1950f9f66fada70ad3a4f9327cb/data/three-sixty/3857269.json
6539014,2026-09-25T02:26:04Z,200,True,4b73468fc5b0f1950f9f66fada70ad3a4f9327cb,three-sixty/3857270.json,4ceaf89762eef89795bf61a57eeb13200a1e993a2044b11bb1ae21314ba2c3c6,https://raw.githubusercontent.com/hudl/open-data/4b73468fc5b0f1950f9f66fada70ad3a4f9327cb/data/three-sixty/3857270.json
6740660,2026-09-25T02:24:38Z,200,True,4b73468fc5b0f1950f9f66fada70ad3a4f9327cb,three-sixty/3857271.json,3210fab9461201bc39156ebc40ffb14aba225d81897660e39fdcf47affbd8681,https://raw.githubusercontent.com/hudl/open-data/4b73468fc5b0f1950f9f66fada70ad3a4f9327cb/data/three-sixty/3857271.json
6247823,2026-09-25T02:24:39Z,200,True,4b73468fc5b0f1950f9f66fada70ad3a4f9327cb,three-sixty/3857272.json,d319da09ff0d21353a2362d588513cd8e437dae2814577de5f2b2046f5c234ae,https://raw.githubusercontent.com/hudl/open-data/4b73468fc5b0f1950f9f66fada70ad3a4f9327cb/data/three-sixty/3857272.json
6313622,2026-09-25T02:24:47Z,200,True,4b73468fc5b0f1950f9f66fada70ad3a4f9327cb,three-sixty/3857273.json,a3c00fdbdb3381780786a90278f07b839087ecea7735e75ce95131f399bb725c,https://raw.githubusercontent.com/hudl/open-data/4b73468fc5b0f1950f9f66fada70ad3a4f9327cb/data/three-sixty/3857273.json
6367338,2026-09-25T02:24:37Z,200,True,4b73468fc5b0f1950f9f66fada70ad3a4f9327cb,three-sixty/3857274.json,1f69d410263a41085c55599588d4a1998a00c4db65a510655083c3c2c8bcecbf,https://raw.githubusercontent.com/hudl/open-data/4b73468fc5b0f1950f9f66fada70ad3a4f9327cb/data/three-sixty/3857274.json
6535080,2026-09-25T02:24:49Z,200,True,4b73468fc5b0f1950f9f66fada70ad3a4f9327cb,three-sixty/3857275.json,b5e602b49d63a6362dda2e54f1840babfaf8bba5b4e2291ec8ca1390a61aadde,https://raw.githubusercontent.com/hudl/open-data/4b73468fc5b0f1950f9f66fada70ad3a4f9327cb/data/three-sixty/3857275.json
5743429,2026-09-25T02:24:34Z,200,True,4b73468fc5b0f1950f9f66fada70ad3a4f9327cb,three-sixty/3857276.json,f63879a1b758cd298e8a14b21dd526bd70673bc1f996ae361c769299f6a5b444,https://raw.githubusercontent.com/hudl/open-data/4b73468fc5b0f1950f9f66fada70ad3a4f9327cb/data/three-sixty/3857276.json
7134814,2026-09-25T02:24:45Z,200,True,4b73468fc5b0f1950f9f66fada70ad3a4f9327cb,three-sixty/3857277.json,23bb6ec7536e552aa6e4566e1bcd9451a970f2dec7fe5f48f4ba5bc22b29912a,https://raw.githubusercontent.com/hudl/open-data/4b73468fc5b0f1950f9f66fada70ad3a4f9327cb/data/three-sixty/3857277.json
6257573,2026-09-25T02:24:43Z,200,True,4b73468fc5b0f1950f9f66fada70ad3a4f9327cb,three-sixty/3857278.json,d0097025468d749919eee931a0b5ddf8a4071dcd101ee4e2f12aa37f0ef097f9,https://raw.githubusercontent.com/hudl/open-data/4b73468fc5b0f1950f9f66fada70ad3a4f9327cb/data/three-sixty/3857278.json
8031288,2026-09-25T02:26:28Z,200,True,4b73468fc5b0f1950f9f66fada70ad3a4f9327cb,three-sixty/3857279.json,e562d6a75fd3c4f968fed073ca23d780468fbbb88021d247e778b19182b501e9,https://raw.githubusercontent.com/hudl/open-data/4b73468fc5b0f1950f9f66fada70ad3a4f9327cb/data/three-sixty/3857279.json
6814859,2026-09-25T02:26:25Z,200,True,4b73468fc5b0f1950f9f66fada70ad3a4f9327cb,three-sixty/3857280.json,52905f1a6a7c99cbafdbfb744eaccb7194f163eef83e10e54efbde5687bdac85,https://raw.githubusercontent.com/hudl/open-data/4b73468fc5b0f1950f9f66fada70ad3a4f9327cb/data/three-sixty/3857280.json
6586047,2026-09-25T02:26:25Z,200,True,4b73468fc5b0f1950f9f66fada70ad3a4f9327cb,three-sixty/3857281.json,9a433dd7b998c37e691f7cec6a4dbe82349458f20edc366cee9b956b40883361,https://raw.githubusercontent.com/hudl/open-data/4b73468fc5b0f1950f9f66fada70ad3a4f9327cb/data/three-sixty/3857281.json
7716578,2026-09-25T02:24:58Z,200,True,4b73468fc5b0f1950f9f66fada70ad3a4f9327cb,three-sixty/3857282.json,79f4f182663097f1d25e4c49eb7228d12048b8dc021e4c9f4aaf5f2eee0c478f,https://raw.githubusercontent.com/hudl/open-data/4b73468fc5b0f1950f9f66fada70ad3a4f9327cb/data/three-sixty/3857282.json
7581200,2026-09-25T02:26:15Z,200,True,4b73468fc5b0f1950f9f66fada70ad3a4f9327cb,three-sixty/3857283.json,d3b23b615b8efd900846d099365526a42125a3c54d6ea1e78fddee599bad14eb,https://raw.githubusercontent.com/hudl/open-data/4b73468fc5b0f1950f9f66fada70ad3a4f9327cb/data/three-sixty/3857283.json
7013026,2026-09-25T02:25:03Z,200,True,4b73468fc5b0f1950f9f66fada70ad3a4f9327cb,three-sixty/3857284.json,3569c31d3812ac2aacf4dc6ffc18c4f90a9e5ad652f57b769c1a66968ac23449,https://raw.githubusercontent.com/hudl/open-data/4b73468fc5b0f1950f9f66fada70ad3a4f9327cb/data/three-sixty/3857284.json
6634209,2026-09-25T02:24:56Z,200,True,4b73468fc5b0f1950f9f66fada70ad3a4f9327cb,three-sixty/3857285.json,b64bb0e1e1c4ab738bd720809feef70d01fc9f78e3793350eaa2406dfc9ad4c4,https://raw.githubusercontent.com/hudl/open-data/4b73468fc5b0f1950f9f66fada70ad3a4f9327cb/data/three-sixty/3857285.json
5955326,2026-09-25T02:26:13Z,200,True,4b73468fc5b0f1950f9f66fada70ad3a4f9327cb,three-sixty/3857286.json,30ba97b25f3e3fd20baddfc553994ab2ab60765878b3bae5ec1488583fef32d7,https://raw.githubusercontent.com/hudl/open-data/4b73468fc5b0f1950f9f66fada70ad3a4f9327cb/data/three-sixty/3857286.json
5851212,2026-09-25T02:25:37Z,200,True,4b73468fc5b0f1950f9f66fada70ad3a4f9327cb,three-sixty/3857287.json,2374f7de029525d66e4bcede79db4e02714263ea500982fcbc8500fbf83b288c,https://raw.githubusercontent.com/hudl/open-data/4b73468fc5b0f1950f9f66fada70ad3a4f9327cb/data/three-sixty/3857287.json
6497550,2026-09-25T02:25:34Z,200,True,4b73468fc5b0f1950f9f66fada70ad3a4f9327cb,three-sixty/3857288.json,ae1f0b53f0b03b0ee476f0f2891fdd805d01cf3cb455691f3e54f8c388cb34da,https://raw.githubusercontent.com/hudl/open-data/4b73468fc5b0f1950f9f66fada70ad3a4f9327cb/data/three-sixty/3857288.json
6907707,2026-09-25T02:25:43Z,200,True,4b73468fc5b0f1950f9f66fada70ad3a4f9327cb,three-sixty/3857289.json,b4ab4eec6619ed113da6e709ed9aa84b8730d572cdb80f973b01ffa56de77e41,https://raw.githubusercontent.com/hudl/open-data/4b73468fc5b0f1950f9f66fada70ad3a4f9327cb/data/three-sixty/3857289.json
6715695,2026-09-25T02:24:51Z,200,True,4b73468fc5b0f1950f9f66fada70ad3a4f9327cb,three-sixty/3857290.json,f25e3711e70d162b45a8adc18691e506331ac011547839eeb078adb0b30d6c0e,https://raw.githubusercontent.com/hudl/open-data/4b73468fc5b0f1950f9f66fada70ad3a4f9327cb/data/three-sixty/3857290.json
8994610,2026-09-25T02:26:19Z,200,True,4b73468fc5b0f1950f9f66fada70ad3a4f9327cb,three-sixty/3857291.json,e7e49fa68580d7d08b540f9a9863f1316a757a607f647b522d32c52eeb48e736,https://raw.githubusercontent.com/hudl/open-data/4b73468fc5b0f1950f9f66fada70ad3a4f9327cb/data/three-sixty/3857291.json
7355630,2026-09-25T02:25:21Z,200,True,4b73468fc5b0f1950f9f66fada70ad3a4f9327cb,three-sixty/3857292.json,59da893bdee4bc0d876b5ca6508d94aa8d057df4ab5705019b352417c5b9a0e7,https://raw.githubusercontent.com/hudl/open-data/4b73468fc5b0f1950f9f66fada70ad3a4f9327cb/data/three-sixty/3857292.json
6824681,2026-09-25T02:26:22Z,200,True,4b73468fc5b0f1950f9f66fada70ad3a4f9327cb,three-sixty/3857293.json,25da649c13dcf72a263e99b7aadae73f01787c93c7a527c82e13e39739e3c150,https://raw.githubusercontent.com/hudl/open-data/4b73468fc5b0f1950f9f66fada70ad3a4f9327cb/data/three-sixty/3857293.json
9214951,2026-09-25T02:25:03Z,200,True,4b73468fc5b0f1950f9f66fada70ad3a4f9327cb,three-sixty/3857294.json,e60400ea72319ee0079b0ac00857740299b00da16113af10f08c1a58749525e9,https://raw.githubusercontent.com/hudl/open-data/4b73468fc5b0f1950f9f66fada70ad3a4f9327cb/data/three-sixty/3857294.json
8512622,2026-09-25T02:25:20Z,200,True,4b73468fc5b0f1950f9f66fada70ad3a4f9327cb,three-sixty/3857295.json,48dbf6b932598b34f5152db82ff676737a243d7ed70bc0219a59b3b3d7262078,https://raw.githubusercontent.com/hudl/open-data/4b73468fc5b0f1950f9f66fada70ad3a4f9327cb/data/three-sixty/3857295.json
8657416,2026-09-25T02:24:34Z,200,True,4b73468fc5b0f1950f9f66fada70ad3a4f9327cb,three-sixty/3857296.json,2a4492637488464d54dcfb05ac0f213ff6b0f28a27761f2fd9eced6964b27540,https://raw.githubusercontent.com/hudl/open-data/4b73468fc5b0f1950f9f66fada70ad3a4f9327cb/data/three-sixty/3857296.json
5759598,2026-09-25T02:24:56Z,200,True,4b73468fc5b0f1950f9f66fada70ad3a4f9327cb,three-sixty/3857297.json,9c4b1ffb1715c3bf0c49f78f009e46f1e846ec776a9ac22173465bb1defee185,https://raw.githubusercontent.com/hudl/open-data/4b73468fc5b0f1950f9f66fada70ad3a4f9327cb/data/three-sixty/3857297.json
7786275,2026-09-25T02:24:54Z,200,True,4b73468fc5b0f1950f9f66fada70ad3a4f9327cb,three-sixty/3857298.json,b448f322aa71ea5c8f5d93f62ef506b4d8cace72c17d37df636be173a9c65ef0,https://raw.githubusercontent.com/hudl/open-data/4b73468fc5b0f1950f9f66fada70ad3a4f9327cb/data/three-sixty/3857298.json
5302558,2026-09-25T02:26:19Z,200,True,4b73468fc5b0f1950f9f66fada70ad3a4f9327cb,three-sixty/3857299.json,431430bb413c6b7a44e4470d6431c0e8eabfb3d395d49717b7c4658130a77c2a,https://raw.githubusercontent.com/hudl/open-data/4b73468fc5b0f1950f9f66fada70ad3a4f9327cb/data/three-sixty/3857299.json
6566676,2026-09-25T02:26:13Z,200,True,4b73468fc5b0f1950f9f66fada70ad3a4f9327cb,three-sixty/3857300.json,086df6969e41f706d81a3be908bc77dc90d53bdb8c655399c6e3332b96ff693c,https://raw.githubusercontent.com/hudl/open-data/4b73468fc5b0f1950f9f66fada70ad3a4f9327cb/data/three-sixty/3857300.json
6712963,2026-09-25T02:25:12Z,200,True,4b73468fc5b0f1950f9f66fada70ad3a4f9327cb,three-sixty/3857301.json,f35c0ba4275cd54e0a03ae25d221072056333db9c9e806888d5d61565788956c,https://raw.githubusercontent.com/hudl/open-data/4b73468fc5b0f1950f9f66fada70ad3a4f9327cb/data/three-sixty/3857301.json
6606468,2026-09-25T02:26:04Z,200,True,4b73468fc5b0f1950f9f66fada70ad3a4f9327cb,three-sixty/3869117.json,4c811a68038d5873637202cdcd1ea98d235ece36903c715aa84b59d3c17c48e1,https://raw.githubusercontent.com/hudl/open-data/4b73468fc5b0f1950f9f66fada70ad3a4f9327cb/data/three-sixty/3869117.json
6582143,2026-09-25T02:25:50Z,200,True,4b73468fc5b0f1950f9f66fada70ad3a4f9327cb,three-sixty/3869118.json,15e1024a6f492374e83ef87c71b8f4be70a701140c04f957b7bbb54b6672550e,https://raw.githubusercontent.com/hudl/open-data/4b73468fc5b0f1950f9f66fada70ad3a4f9327cb/data/three-sixty/3869118.json
8604342,2026-09-25T02:25:29Z,200,True,4b73468fc5b0f1950f9f66fada70ad3a4f9327cb,three-sixty/3869151.json,4207457162f994f497025bfd607f9ff71df6f9f4547f0cbd5f779448fcd73e03,https://raw.githubusercontent.com/hudl/open-data/4b73468fc5b0f1950f9f66fada70ad3a4f9327cb/data/three-sixty/3869151.json
6839221,2026-09-25T02:25:58Z,200,True,4b73468fc5b0f1950f9f66fada70ad3a4f9327cb,three-sixty/3869152.json,4537ca0fa982c21acb9c4ef45c8788748e12ce76e7ea7d27849b0c0308748b36,https://raw.githubusercontent.com/hudl/open-data/4b73468fc5b0f1950f9f66fada70ad3a4f9327cb/data/three-sixty/3869152.json
8724806,2026-09-25T02:26:02Z,200,True,4b73468fc5b0f1950f9f66fada70ad3a4f9327cb,three-sixty/3869219.json,f605d6b5b6e228fe3d79ed7c9862d7f11bda968ed5b228656a76fe0d109dceaf,https://raw.githubusercontent.com/hudl/open-data/4b73468fc5b0f1950f9f66fada70ad3a4f9327cb/data/three-sixty/3869219.json
9674767,2026-09-25T02:26:00Z,200,True,4b73468fc5b0f1950f9f66fada70ad3a4f9327cb,three-sixty/3869220.json,5e9375662aa6bba8006e4e51010cdb4c12907c268a839709f950c49c58f12416,https://raw.githubusercontent.com/hudl/open-data/4b73468fc5b0f1950f9f66fada70ad3a4f9327cb/data/three-sixty/3869220.json
8357478,2026-09-25T02:26:08Z,200,True,4b73468fc5b0f1950f9f66fada70ad3a4f9327cb,three-sixty/3869253.json,ad411a0b520c70747db40bf0a3c9c1b450a40586950a8dc9e9c7725f3a84c3be,https://raw.githubusercontent.com/hudl/open-data/4b73468fc5b0f1950f9f66fada70ad3a4f9327cb/data/three-sixty/3869253.json
7466348,2026-09-25T02:25:45Z,200,True,4b73468fc5b0f1950f9f66fada70ad3a4f9327cb,three-sixty/3869254.json,e85cf1a1c7f0c25c0301253f1463e600fbb668139cf6f235a56e3a7fa2339bad,https://raw.githubusercontent.com/hudl/open-data/4b73468fc5b0f1950f9f66fada70ad3a4f9327cb/data/three-sixty/3869254.json
10007617,2026-09-25T02:25:18Z,200,True,4b73468fc5b0f1950f9f66fada70ad3a4f9327cb,three-sixty/3869321.json,d208a79f244816973f2071e7de7a4ae8b74029254069f860863f32330af3a8ac,https://raw.githubusercontent.com/hudl/open-data/4b73468fc5b0f1950f9f66fada70ad3a4f9327cb/data/three-sixty/3869321.json
5622611,2026-09-25T02:25:48Z,200,True,4b73468fc5b0f1950f9f66fada70ad3a4f9327cb,three-sixty/3869354.json,c3464dcbb17a4b77d1e3f2b5a697b0642b8760bb6a08f649497ff09ae51f253d,https://raw.githubusercontent.com/hudl/open-data/4b73468fc5b0f1950f9f66fada70ad3a4f9327cb/data/three-sixty/3869354.json
8438287,2026-09-25T02:25:53Z,200,True,4b73468fc5b0f1950f9f66fada70ad3a4f9327cb,three-sixty/3869420.json,a2cc556a86543cf80f37522e7306fef6e8eba123455b3b9d0caa4ba78bc5e187,https://raw.githubusercontent.com/hudl/open-data/4b73468fc5b0f1950f9f66fada70ad3a4f9327cb/data/three-sixty/3869420.json
7551772,2026-09-25T02:25:39Z,200,True,4b73468fc5b0f1950f9f66fada70ad3a4f9327cb,three-sixty/3869486.json,ed75b7fac0ffc8d49d6257b17b7b1139b105ab671482fdd11998056e302a58fa,https://raw.githubusercontent.com/hudl/open-data/4b73468fc5b0f1950f9f66fada70ad3a4f9327cb/data/three-sixty/3869486.json
7851052,2026-09-25T02:25:50Z,200,True,4b73468fc5b0f1950f9f66fada70ad3a4f9327cb,three-sixty/3869519.json,3609874b0a6e6f11d522eae6d09ee3542c9874a93b660a2c1c289d75b01c4b5f,https://raw.githubusercontent.com/hudl/open-data/4b73468fc5b0f1950f9f66fada70ad3a4f9327cb/data/three-sixty/3869519.json
6500797,2026-09-25T02:25:55Z,200,True,4b73468fc5b0f1950f9f66fada70ad3a4f9327cb,three-sixty/3869552.json,a38005d35b6c9018687b33400088a42101e0e7febc2202ea989484ffebed7071,https://raw.githubusercontent.com/hudl/open-data/4b73468fc5b0f1950f9f66fada70ad3a4f9327cb/data/three-sixty/3869552.json
6941046,2026-09-25T02:25:27Z,200,True,4b73468fc5b0f1950f9f66fada70ad3a4f9327cb,three-sixty/3869684.json,628836371a756309d1f5bd2aae6358e3c3f3b132a4f1a9a21920f344540f08b8,https://raw.githubusercontent.com/hudl/open-data/4b73468fc5b0f1950f9f66fada70ad3a4f9327cb/data/three-sixty/3869684.json
9030507,2026-09-25T02:25:27Z,200,True,4b73468fc5b0f1950f9f66fada70ad3a4f9327cb,three-sixty/3869685.json,e0e32229eed636d1987d6fb03bad4e6931dc42109cb533299c2f39088aff3d17,https://raw.githubusercontent.com/hudl/open-data/4b73468fc5b0f1950f9f66fada70ad3a4f9327cb/data/three-sixty/3869685.json
6807535,2026-09-25T02:28:07Z,200,True,4b73468fc5b0f1950f9f66fada70ad3a4f9327cb,three-sixty/3930158.json,bd26055c675765b880742c7c6a89d8225fb6a98db1a91ed4f632218905a8a11b,https://raw.githubusercontent.com/hudl/open-data/4b73468fc5b0f1950f9f66fada70ad3a4f9327cb/data/three-sixty/3930158.json
7400907,2026-09-25T02:26:35Z,200,True,4b73468fc5b0f1950f9f66fada70ad3a4f9327cb,three-sixty/3930159.json,c7f88b1e6ecf9b09e84d4c5fdee232f8e407d071ccf062645dcb1b0bd726a381,https://raw.githubusercontent.com/hudl/open-data/4b73468fc5b0f1950f9f66fada70ad3a4f9327cb/data/three-sixty/3930159.json
8446880,2026-09-25T02:26:44Z,200,True,4b73468fc5b0f1950f9f66fada70ad3a4f9327cb,three-sixty/3930160.json,a81a65014ed73357abe6ff9a117e40d036a329d8cfefb64d4951bb96ebba6fba,https://raw.githubusercontent.com/hudl/open-data/4b73468fc5b0f1950f9f66fada70ad3a4f9327cb/data/three-sixty/3930160.json
9105265,2026-09-25T02:28:09Z,200,True,4b73468fc5b0f1950f9f66fada70ad3a4f9327cb,three-sixty/3930161.json,786028eee0a61660f7f3615114887a828f271edf2f28226b3784eac429693b91,https://raw.githubusercontent.com/hudl/open-data/4b73468fc5b0f1950f9f66fada70ad3a4f9327cb/data/three-sixty/3930161.json
7112134,2026-09-25T02:27:07Z,200,True,4b73468fc5b0f1950f9f66fada70ad3a4f9327cb,three-sixty/3930162.json,90f9b9941483304b74dad69f4fa567674932f74fbd92a05c0f71592a7a6ab997,https://raw.githubusercontent.com/hudl/open-data/4b73468fc5b0f1950f9f66fada70ad3a4f9327cb/data/three-sixty/3930162.json
8120106,2026-09-25T02:26:34Z,200,True,4b73468fc5b0f1950f9f66fada70ad3a4f9327cb,three-sixty/3930163.json,aaecfbd06821dbcf2c675834a91998b4e353e621578527510acd7e5caf16522a,https://raw.githubusercontent.com/hudl/open-data/4b73468fc5b0f1950f9f66fada70ad3a4f9327cb/data/three-sixty/3930163.json
7656203,2026-09-25T02:28:03Z,200,True,4b73468fc5b0f1950f9f66fada70ad3a4f9327cb,three-sixty/3930164.json,d7b2a438e3a25e39a0e387f5b60e6170a8abcc8018b5d02aab0ba5e275e98b36,https://raw.githubusercontent.com/hudl/open-data/4b73468fc5b0f1950f9f66fada70ad3a4f9327cb/data/three-sixty/3930164.json
7962542,2026-09-25T02:28:01Z,200,True,4b73468fc5b0f1950f9f66fada70ad3a4f9327cb,three-sixty/3930165.json,2dde431b5cde0981563c56a535b9c42a367254871c5e101d80929a18e015fa7f,https://raw.githubusercontent.com/hudl/open-data/4b73468fc5b0f1950f9f66fada70ad3a4f9327cb/data/three-sixty/3930165.json
7720490,2026-09-25T02:26:30Z,200,True,4b73468fc5b0f1950f9f66fada70ad3a4f9327cb,three-sixty/3930166.json,b4e66ace5c7aff0a99b798afcf42bf0d79e5dc3ac837dff73af4f5e95abc18c6,https://raw.githubusercontent.com/hudl/open-data/4b73468fc5b0f1950f9f66fada70ad3a4f9327cb/data/three-sixty/3930166.json
8445970,2026-09-25T02:28:02Z,200,True,4b73468fc5b0f1950f9f66fada70ad3a4f9327cb,three-sixty/3930167.json,39d4cb996e7f2a43fa94cac0dff1459b67e8c4bf53bb15066051249ab4373cca,https://raw.githubusercontent.com/hudl/open-data/4b73468fc5b0f1950f9f66fada70ad3a4f9327cb/data/three-sixty/3930167.json
8569222,2026-09-25T02:28:01Z,200,True,4b73468fc5b0f1950f9f66fada70ad3a4f9327cb,three-sixty/3930168.json,e8fda32aa68ee52a2cbb8f98f9d27fc3155f02a743296aa15b3c1359bb2b0c7d,https://raw.githubusercontent.com/hudl/open-data/4b73468fc5b0f1950f9f66fada70ad3a4f9327cb/data/three-sixty/3930168.json
7156818,2026-09-25T02:27:12Z,200,True,4b73468fc5b0f1950f9f66fada70ad3a4f9327cb,three-sixty/3930169.json,33f4a414f13092e44dc34288d156c1f32639b48da298866c11c6daf6f9f0955e,https://raw.githubusercontent.com/hudl/open-data/4b73468fc5b0f1950f9f66fada70ad3a4f9327cb/data/three-sixty/3930169.json
6244482,2026-09-25T02:26:40Z,200,True,4b73468fc5b0f1950f9f66fada70ad3a4f9327cb,three-sixty/3930170.json,97c3c326a56304fd53c5f96093add8eb2df7e548816bae3b3bcaa665591bc638,https://raw.githubusercontent.com/hudl/open-data/4b73468fc5b0f1950f9f66fada70ad3a4f9327cb/data/three-sixty/3930170.json
8597876,2026-09-25T02:27:26Z,200,True,4b73468fc5b0f1950f9f66fada70ad3a4f9327cb,three-sixty/3930171.json,e8e90f84aa6e4dbfb5c33bdfe2a8041b2074fe1ac3c1e8c55c2a6e6bf6197640,https://raw.githubusercontent.com/hudl/open-data/4b73468fc5b0f1950f9f66fada70ad3a4f9327cb/data/three-sixty/3930171.json
8168982,2026-09-25T02:27:54Z,200,True,4b73468fc5b0f1950f9f66fada70ad3a4f9327cb,three-sixty/3930172.json,aae64c7c054eec8b9665000db928bb4b1f6d3f74af079d309d724f181361d2df,https://raw.githubusercontent.com/hudl/open-data/4b73468fc5b0f1950f9f66fada70ad3a4f9327cb/data/three-sixty/3930172.json
7999304,2026-09-25T02:27:52Z,200,True,4b73468fc5b0f1950f9f66fada70ad3a4f9327cb,three-sixty/3930173.json,29e898cdbe86c2a65a35500e342648bd24eff16a92eb3d257c770ee4b7e7a39e,https://raw.githubusercontent.com/hudl/open-data/4b73468fc5b0f1950f9f66fada70ad3a4f9327cb/data/three-sixty/3930173.json
8204735,2026-09-25T02:27:08Z,200,True,4b73468fc5b0f1950f9f66fada70ad3a4f9327cb,three-sixty/3930174.json,2e7621a7e154681e5914a0cd631800f4f8d528f947acb08f6c7c39848641c0a4,https://raw.githubusercontent.com/hudl/open-data/4b73468fc5b0f1950f9f66fada70ad3a4f9327cb/data/three-sixty/3930174.json
6861880,2026-09-25T02:28:09Z,200,True,4b73468fc5b0f1950f9f66fada70ad3a4f9327cb,three-sixty/3930175.json,5b9f1333777acd5345fe2809b45cb308fbfb989a5fcae4cb2ec8c38d7aab8097,https://raw.githubusercontent.com/hudl/open-data/4b73468fc5b0f1950f9f66fada70ad3a4f9327cb/data/three-sixty/3930175.json
8506412,2026-09-25T02:27:06Z,200,True,4b73468fc5b0f1950f9f66fada70ad3a4f9327cb,three-sixty/3930176.json,1fde7cd12c8433cee94862d21fcefc7af924026bf3d17dfcbefab7dd1f3cfdaa,https://raw.githubusercontent.com/hudl/open-data/4b73468fc5b0f1950f9f66fada70ad3a4f9327cb/data/three-sixty/3930176.json
6778956,2026-09-25T02:27:55Z,200,True,4b73468fc5b0f1950f9f66fada70ad3a4f9327cb,three-sixty/3930177.json,cbad2a380633e875a0ecc81be0af58eb8ea31a28af69770772ad8612264b0c4a,https://raw.githubusercontent.com/hudl/open-data/4b73468fc5b0f1950f9f66fada70ad3a4f9327cb/data/three-sixty/3930177.json
8956604,2026-09-25T02:26:42Z,200,True,4b73468fc5b0f1950f9f66fada70ad3a4f9327cb,three-sixty/3930178.json,54975983cd90dbf292b197b00d4bafb1c8b02f246dbbe950dc0089ffbbf2ee72,https://raw.githubusercontent.com/hudl/open-data/4b73468fc5b0f1950f9f66fada70ad3a4f9327cb/data/three-sixty/3930178.json
8148241,2026-09-25T02:27:44Z,200,True,4b73468fc5b0f1950f9f66fada70ad3a4f9327cb,three-sixty/3930179.json,b7bd029eeab0857fc054975c9b3db66c7d7cfadbb57cb10708b32c94201e6dd3,https://raw.githubusercontent.com/hudl/open-data/4b73468fc5b0f1950f9f66fada70ad3a4f9327cb/data/three-sixty/3930179.json
6797149,2026-09-25T02:27:26Z,200,True,4b73468fc5b0f1950f9f66fada70ad3a4f9327cb,three-sixty/3930180.json,d936f3a7aac0b20fe69320bb9ccbcdf2dc38c6c1147a63301fdeb258088f7cf1,https://raw.githubusercontent.com/hudl/open-data/4b73468fc5b0f1950f9f66fada70ad3a4f9327cb/data/three-sixty/3930180.json
8319706,2026-09-25T02:26:37Z,200,True,4b73468fc5b0f1950f9f66fada70ad3a4f9327cb,three-sixty/3930181.json,ecacb4fcfb1ddfda0c4ba53058fdf7721901d12b9b7ffb03a494027bf24de5d8,https://raw.githubusercontent.com/hudl/open-data/4b73468fc5b0f1950f9f66fada70ad3a4f9327cb/data/three-sixty/3930181.json
6854206,2026-09-25T02:27:44Z,200,True,4b73468fc5b0f1950f9f66fada70ad3a4f9327cb,three-sixty/3930182.json,b8e97ca99cfdb6f8faa863dff8714fa9cba061d4951bc61ed22a681531bcbedb,https://raw.githubusercontent.com/hudl/open-data/4b73468fc5b0f1950f9f66fada70ad3a4f9327cb/data/three-sixty/3930182.json
6511035,2026-09-25T02:28:08Z,200,True,4b73468fc5b0f1950f9f66fada70ad3a4f9327cb,three-sixty/3930183.json,a75bfeccb5fca2bc2af92ba55e4f9b040c8389329a35ce93a644e0d4a6dc8066,https://raw.githubusercontent.com/hudl/open-data/4b73468fc5b0f1950f9f66fada70ad3a4f9327cb/data/three-sixty/3930183.json
5802198,2026-09-25T02:27:30Z,200,True,4b73468fc5b0f1950f9f66fada70ad3a4f9327cb,three-sixty/3930184.json,063d932f2c08f796fe7fa764540593f83c5d2eed6fc1660de1bc792ff4c6d367,https://raw.githubusercontent.com/hudl/open-data/4b73468fc5b0f1950f9f66fada70ad3a4f9327cb/data/three-sixty/3930184.json
7465893,2026-09-25T02:26:55Z,200,True,4b73468fc5b0f1950f9f66fada70ad3a4f9327cb,three-sixty/3938637.json,e9bbe1c9839f32569552d695345aed053f23ceadfdb2b907f19a24f958cc489d,https://raw.githubusercontent.com/hudl/open-data/4b73468fc5b0f1950f9f66fada70ad3a4f9327cb/data/three-sixty/3938637.json
6592685,2026-09-25T02:26:48Z,200,True,4b73468fc5b0f1950f9f66fada70ad3a4f9327cb,three-sixty/3938638.json,6ad0526bad8d385c12733c1690cefb75ddf64f9773559f8aa5d481c155f6a668,https://raw.githubusercontent.com/hudl/open-data/4b73468fc5b0f1950f9f66fada70ad3a4f9327cb/data/three-sixty/3938638.json
8152747,2026-09-25T02:26:49Z,200,True,4b73468fc5b0f1950f9f66fada70ad3a4f9327cb,three-sixty/3938639.json,c5ae2583034f4454e1dacaa8812b0d521217e5ee95445efded6ffb03ead5b812,https://raw.githubusercontent.com/hudl/open-data/4b73468fc5b0f1950f9f66fada70ad3a4f9327cb/data/three-sixty/3938639.json
7473498,2026-09-25T02:26:56Z,200,True,4b73468fc5b0f1950f9f66fada70ad3a4f9327cb,three-sixty/3938640.json,289b0672c0ebeed395732f078c135c4b0b45c50e707f2b10fcc1c39d63fe951a,https://raw.githubusercontent.com/hudl/open-data/4b73468fc5b0f1950f9f66fada70ad3a4f9327cb/data/three-sixty/3938640.json
7283722,2026-09-25T02:26:49Z,200,True,4b73468fc5b0f1950f9f66fada70ad3a4f9327cb,three-sixty/3938641.json,4d7b2e43a1297186e57a5d09db545cdcbb9272f7899af521333512198dc0d87f,https://raw.githubusercontent.com/hudl/open-data/4b73468fc5b0f1950f9f66fada70ad3a4f9327cb/data/three-sixty/3938641.json
7591281,2026-09-25T02:26:50Z,200,True,4b73468fc5b0f1950f9f66fada70ad3a4f9327cb,three-sixty/3938642.json,5efc2af260fe79a2e0dd58928b2a84e08b5f29ad8d6f35c36a4a4b3a0ce77f5b,https://raw.githubusercontent.com/hudl/open-data/4b73468fc5b0f1950f9f66fada70ad3a4f9327cb/data/three-sixty/3938642.json
7763657,2026-09-25T02:26:43Z,200,True,4b73468fc5b0f1950f9f66fada70ad3a4f9327cb,three-sixty/3938643.json,540becffaf61cb41525898a302335e6791cde3427e7cdaf3a957c12719d5cb8a,https://raw.githubusercontent.com/hudl/open-data/4b73468fc5b0f1950f9f66fada70ad3a4f9327cb/data/three-sixty/3938643.json
7785364,2026-09-25T02:26:57Z,200,True,4b73468fc5b0f1950f9f66fada70ad3a4f9327cb,three-sixty/3938644.json,bba6488fd65d0bb61b21d27c752bdc4ab1e383b0a183efe1c09f05039a44fcdd,https://raw.githubusercontent.com/hudl/open-data/4b73468fc5b0f1950f9f66fada70ad3a4f9327cb/data/three-sixty/3938644.json
6877255,2026-09-25T02:27:25Z,200,True,4b73468fc5b0f1950f9f66fada70ad3a4f9327cb,three-sixty/3938645.json,402d4b87d58585008dc4c8dc79c7f1be46505305e7999d6fa327fef012316a09,https://raw.githubusercontent.com/hudl/open-data/4b73468fc5b0f1950f9f66fada70ad3a4f9327cb/data/three-sixty/3938645.json
8237849,2026-09-25T02:27:53Z,200,True,4b73468fc5b0f1950f9f66fada70ad3a4f9327cb,three-sixty/3940878.json,6596aeb0d724cf30cee4ee8298b735683432117d45922596ebefe3ab2d3485e5,https://raw.githubusercontent.com/hudl/open-data/4b73468fc5b0f1950f9f66fada70ad3a4f9327cb/data/three-sixty/3940878.json
8046884,2026-09-25T02:27:46Z,200,True,4b73468fc5b0f1950f9f66fada70ad3a4f9327cb,three-sixty/3940983.json,f5699e0a48fcc3d18ab8923d2885401b5a51e5e2a5e4566666e421862880fc63,https://raw.githubusercontent.com/hudl/open-data/4b73468fc5b0f1950f9f66fada70ad3a4f9327cb/data/three-sixty/3940983.json
10311772,2026-09-25T02:27:48Z,200,True,4b73468fc5b0f1950f9f66fada70ad3a4f9327cb,three-sixty/3941017.json,da028a6ac63ca80923ddb37f6d5f7fac59bb7ec24ed494916910d5ccf10c5042,https://raw.githubusercontent.com/hudl/open-data/4b73468fc5b0f1950f9f66fada70ad3a4f9327cb/data/three-sixty/3941017.json
9397899,2026-09-25T02:27:38Z,200,True,4b73468fc5b0f1950f9f66fada70ad3a4f9327cb,three-sixty/3941018.json,d7b7c975766b24c119b802341eed7fabd18c065652b1eec11fa3a4fa81a5bddb,https://raw.githubusercontent.com/hudl/open-data/4b73468fc5b0f1950f9f66fada70ad3a4f9327cb/data/three-sixty/3941018.json
8286124,2026-09-25T02:27:00Z,200,True,4b73468fc5b0f1950f9f66fada70ad3a4f9327cb,three-sixty/3941019.json,2c2859b39cd0cde5b1c2f7c544040faa8ef1893559e5d32ee21deeef3de01221,https://raw.githubusercontent.com/hudl/open-data/4b73468fc5b0f1950f9f66fada70ad3a4f9327cb/data/three-sixty/3941019.json
9165736,2026-09-25T02:27:39Z,200,True,4b73468fc5b0f1950f9f66fada70ad3a4f9327cb,three-sixty/3941020.json,dad72efa86064fc771a193614b06dbcc1d1abd996d368ad498ee61e3297ace61,https://raw.githubusercontent.com/hudl/open-data/4b73468fc5b0f1950f9f66fada70ad3a4f9327cb/data/three-sixty/3941020.json
5271480,2026-09-25T02:27:29Z,200,True,4b73468fc5b0f1950f9f66fada70ad3a4f9327cb,three-sixty/3941021.json,62d92d41629c6c05e39d279f48d639f4a1e440e4608de7724973d9c2c68d8a23,https://raw.githubusercontent.com/hudl/open-data/4b73468fc5b0f1950f9f66fada70ad3a4f9327cb/data/three-sixty/3941021.json
7665059,2026-09-25T02:27:32Z,200,True,4b73468fc5b0f1950f9f66fada70ad3a4f9327cb,three-sixty/3941022.json,76aeb27838edea6d62afe59869182c7ed6ca3fe0e7f40fcd422e4c4ac34b6757,https://raw.githubusercontent.com/hudl/open-data/4b73468fc5b0f1950f9f66fada70ad3a4f9327cb/data/three-sixty/3941022.json
8727520,2026-09-25T02:27:27Z,200,True,4b73468fc5b0f1950f9f66fada70ad3a4f9327cb,three-sixty/3942226.json,9add5e685c8efb28832bf13f2abca4fc6c9695491704e4d70d47078b8527c15f,https://raw.githubusercontent.com/hudl/open-data/4b73468fc5b0f1950f9f66fada70ad3a4f9327cb/data/three-sixty/3942226.json
10989120,2026-09-25T02:27:10Z,200,True,4b73468fc5b0f1950f9f66fada70ad3a4f9327cb,three-sixty/3942227.json,3c2c8f94794f67c643fbda0ceb441b47a9cb8218582d48f24fc13dbe4966f03c,https://raw.githubusercontent.com/hudl/open-data/4b73468fc5b0f1950f9f66fada70ad3a4f9327cb/data/three-sixty/3942227.json
11113334,2026-09-25T02:27:16Z,200,True,4b73468fc5b0f1950f9f66fada70ad3a4f9327cb,three-sixty/3942349.json,a0575f0fdbd10c8a5c3363d5e1732c02a014462ef4c359c7c5121d1eb55f3627,https://raw.githubusercontent.com/hudl/open-data/4b73468fc5b0f1950f9f66fada70ad3a4f9327cb/data/three-sixty/3942349.json
7125168,2026-09-25T02:27:20Z,200,True,4b73468fc5b0f1950f9f66fada70ad3a4f9327cb,three-sixty/3942382.json,7c03da9a14a9e5b40182348a5dc5e69f057a70d55ebfbc3aad6e24dcdb34e0c1,https://raw.githubusercontent.com/hudl/open-data/4b73468fc5b0f1950f9f66fada70ad3a4f9327cb/data/three-sixty/3942382.json
6044304,2026-09-25T02:27:13Z,200,True,4b73468fc5b0f1950f9f66fada70ad3a4f9327cb,three-sixty/3942752.json,04b9c58ecc64bfd6a393e4e2625a4ca6ec66df5e50f9be95524e2b252e81e741,https://raw.githubusercontent.com/hudl/open-data/4b73468fc5b0f1950f9f66fada70ad3a4f9327cb/data/three-sixty/3942752.json
7601802,2026-09-25T02:27:12Z,200,True,4b73468fc5b0f1950f9f66fada70ad3a4f9327cb,three-sixty/3942819.json,3799e8622f59af05dd39fd2bf7c63f6bfb4c3d111ef7ebbed1c1920c2cff9d8a,https://raw.githubusercontent.com/hudl/open-data/4b73468fc5b0f1950f9f66fada70ad3a4f9327cb/data/three-sixty/3942819.json
7008694,2026-09-25T02:27:16Z,200,True,4b73468fc5b0f1950f9f66fada70ad3a4f9327cb,three-sixty/3943043.json,52f3c6ea54ac93d82ae757bb511ec6dae61ca38e096cdab666344f7a726217ad,https://raw.githubusercontent.com/hudl/open-data/4b73468fc5b0f1950f9f66fada70ad3a4f9327cb/data/three-sixty/3943043.json
